id,season,week,season_type,start_date,neutral_site,conference_game,home_id,home_team,home_points,away_id,away_team,away_points,home_level,away_level
401906139,2026,1,regular,2026-08-27 22:00:00+00:00,False,False,330,Virginia State,44.0,122666,Barton,17.0,ii,ii
401906839,2026,1,regular,2026-08-27 22:00:00+00:00,False,False,3077,Kentucky Christian,44.0,2316,Kentucky Wesleyan,24.0,,ii
401866615,2026,1,regular,2026-08-27 22:00:00+00:00,False,False,2169,Delaware State,41.0,2619,Stony Brook,34.0,fcs,fcs
401906193,2026,1,regular,2026-08-27 22:00:00+00:00,False,False,2882,UNC Pembroke,21.0,351,Wingate,13.0,ii,ii
401907643,2026,1,regular,2026-08-27 22:00:00+00:00,False,False,215,Slippery Rock,45.0,134,Minnesota Duluth,43.0,ii,ii
401906048,2026,1,regular,2026-08-27 22:00:00+00:00,False,False,2839,Tusculum,42.0,124180,Bluefield State,7.0,ii,ii
401866532,2026,1,regular,2026-08-27 22:00:00+00:00,False,True,119,Towson,18.0,311,Maine,21.0,fcs,fcs
401896383,2026,1,regular,2026-08-27 22:00:00+00:00,False,False,2413,Morehead State,40.0,2477,Ohio Dominican,42.0,fcs,ii
401907002,2026,1,regular,2026-08-27 22:00:00+00:00,False,False,2128,Charleston (WV),10.0,125,Grand Valley State,38.0,ii,ii
401907195,2026,1,regular,2026-08-27 22:00:00+00:00,False,False,2292,Indianapolis,39.0,2366,Marian (IN),7.0,ii,
401867894,2026,1,regular,2026-08-27 22:00:00+00:00,False,False,2754,Youngstown State,43.0,2385,Mercyhurst,10.0,fcs,fcs
401906602,2026,1,regular,2026-08-27 23:00:00+00:00,False,False,2673,Valdosta State,38.0,2213,Emory & Henry,10.0,ii,ii
401907381,2026,1,regular,2026-08-27 23:00:00+00:00,False,False,2438,Nebraska Kearney,20.0,2844,Wayne State (NE),21.0,ii,ii
401906943,2026,1,regular,2026-08-27 23:00:00+00:00,False,False,2817,Minnesota St Moorhead,41.0,128,Northern Michigan,19.0,ii,ii
401907120,2026,1,regular,2026-08-27 23:00:00+00:00,False,False,425,Northern State,42.0,2123,Chadron State,17.0,ii,ii
401868373,2026,1,regular,2026-08-27 23:00:00+00:00,False,False,231,Furman,20.0,129469,Anderson (SC),3.0,fcs,ii
401907536,2026,1,regular,2026-08-27 23:00:00+00:00,False,True,611,Seton Hill,20.0,2188,East Stroudsburg,27.0,ii,ii
401868273,2026,1,regular,2026-08-27 23:00:00+00:00,False,False,2506,Presbyterian,47.0,2842,UVA Wise,37.0,fcs,ii
401868315,2026,1,regular,2026-08-27 23:00:00+00:00,False,True,2545,SE Louisiana,28.0,2277,Houston Christian,34.0,fcs,fcs
401868279,2026,1,regular,2026-08-27 23:00:00+00:00,False,False,2900,St. Thomas (MN),15.0,2851,Winona State,9.0,fcs,ii
401906620,2026,1,regular,2026-08-27 23:00:00+00:00,False,False,2699,West Liberty,27.0,2682,Walsh,30.0,ii,ii
401868060,2026,1,regular,2026-08-27 23:00:00+00:00,False,False,2046,Austin Peay,35.0,2241,Gardner-Webb,17.0,fcs,fcs
401868204,2026,1,regular,2026-08-27 23:00:00+00:00,False,False,2710,Western Illinois,65.0,2471,Northwestern (IA),14.0,fcs,
401868169,2026,1,regular,2026-08-27 23:00:00+00:00,False,True,2815,Lindenwood,20.0,2127,Charleston Southern,17.0,fcs,fcs
401907110,2026,1,regular,2026-08-27 23:00:00+00:00,False,False,2894,Sioux Falls,21.0,2069,Black Hills State,24.0,ii,ii
401907239,2026,1,regular,2026-08-27 23:00:00+00:00,False,False,2586,Southwest Baptist,63.0,129741,William Woods,6.0,ii,
401907356,2026,1,regular,2026-08-27 23:00:00+00:00,False,False,568,Minot State,30.0,2214,Emporia State,36.0,ii,ii
401896384,2026,1,regular,2026-08-27 23:00:00+00:00,False,False,2166,Davidson,35.0,2148,Concord,41.0,fcs,ii
401868240,2026,1,regular,2026-08-27 23:00:00+00:00,False,False,2698,West Georgia,10.0,236,Chattanooga,24.0,fcs,fcs
401906902,2026,1,regular,2026-08-27 23:00:00+00:00,False,False,129,Saginaw Valley State,48.0,2816,McKendree,24.0,ii,ii
401867865,2026,1,regular,2026-08-27 23:00:00+00:00,False,False,93,Murray State,14.0,2197,Eastern Illinois,28.0,fcs,fcs
401907346,2026,1,regular,2026-08-27 23:00:00+00:00,False,False,102626,Texas Wesleyan,7.0,2122,Central Oklahoma,59.0,,ii
401906993,2026,1,regular,2026-08-27 23:00:00+00:00,False,False,132,Bemidji State,29.0,2392,Michigan Tech,31.0,ii,ii
401906631,2026,1,regular,2026-08-27 23:00:00+00:00,False,False,2105,Carson Newman,41.0,2838,Tiffin,38.0,ii,ii
401866614,2026,1,regular,2026-08-27 23:00:00+00:00,False,False,2210,Elon,42.0,2249,Glenville State,7.0,fcs,ii
401868962,2026,1,regular,2026-08-27 23:00:00+00:00,False,False,2447,Nicholls,44.0,2400,Mississippi Valley State,10.0,fcs,fcs
401874035,2026,1,regular,2026-08-27 23:00:00+00:00,False,False,110242,West Florida,34.0,79,Southern Illinois,31.0,fcs,fcs
401907234,2026,1,regular,2026-08-27 23:30:00+00:00,False,False,3066,Concordia St. Paul,38.0,2825,Quincy,21.0,ii,ii
401868070,2026,1,regular,2026-08-27 23:30:00+00:00,False,False,2630,UT Martin,24.0,2110,Central Arkansas,36.0,fcs,fcs
401868254,2026,1,regular,2026-08-27 23:30:00+00:00,False,False,2181,Drake,35.0,613,South Dakota Mines,38.0,fcs,ii
401907376,2026,1,regular,2026-08-28 00:00:00+00:00,False,False,137,Missouri Western,58.0,2043,Augustana (SD),63.0,ii,ii
401907161,2026,1,regular,2026-08-28 00:00:00+00:00,False,False,2704,West Texas,21.0,2714,Western Colorado,52.0,ii,ii
401869128,2026,1,regular,2026-08-28 00:00:00+00:00,False,False,2466,Northwestern State,37.0,2347,Louisiana Christian,42.0,fcs,
401907275,2026,1,regular,2026-08-28 00:00:00+00:00,False,False,2025,Angelo State,14.0,2231,Fort Hays,35.0,ii,ii
401907099,2026,1,regular,2026-08-28 00:00:00+00:00,False,False,2001,Adams State,45.0,2703,Western New Mexico,62.0,ii,ii
401907155,2026,1,regular,2026-08-28 00:00:00+00:00,False,False,2424,New Mexico Highlands,35.0,2201,Eastern New Mexico,34.0,ii,ii
401867874,2026,1,regular,2026-08-28 00:00:00+00:00,False,False,155,North Dakota,42.0,2341,Long Island University,21.0,fcs,fcs
401907144,2026,1,regular,2026-08-28 00:00:00+00:00,False,False,2570,CSU Pueblo,44.0,2118,Central Missouri,25.0,ii,ii
401907129,2026,1,regular,2026-08-28 00:00:00+00:00,False,False,11,Colorado Mesa,14.0,2364,Minnesota State,38.0,ii,ii
401907724,2026,1,regular,2026-08-28 00:00:00+00:00,False,False,2587,Southwest Minnesota State,10.0,628,Valley City State,7.0,ii,
401907007,2026,1,regular,2026-08-28 00:00:00+00:00,False,False,90,Pittsburg State,14.0,2222,Ferris State,42.0,ii,ii
401907702,2026,1,regular,2026-08-28 00:30:00+00:00,True,False,559,University of Mary,23.0,2826,Rocky Mountain,10.0,ii,
401868040,2026,1,regular,2026-08-28 22:00:00+00:00,False,True,222,Villanova,32.0,2729,William & Mary,35.0,fcs,fcs
401868007,2026,1,regular,2026-08-28 22:00:00+00:00,False,True,2230,Fordham,14.0,2142,Colgate,24.0,fcs,fcs
401868261,2026,1,regular,2026-08-28 22:00:00+00:00,False,False,2441,New Haven,22.0,2368,Marist,21.0,fcs,fcs
401866617,2026,1,regular,2026-08-28 22:00:00+00:00,False,False,2771,Merrimack,7.0,227,Rhode Island,34.0,fcs,fcs
401906145,2026,1,regular,2026-08-28 22:00:00+00:00,False,False,2331,Lenoir Rhyne,45.0,2676,Virginia Union,3.0,ii,ii
401866616,2026,1,regular,2026-08-28 23:00:00+00:00,False,True,399,UAlbany,28.0,160,New Hampshire,14.0,fcs,fcs
401868129,2026,1,regular,2026-08-29 01:00:00+00:00,False,True,2458,Northern Colorado,29.0,2692,Weber State,30.0,fcs,fcs
401868073,2026,1,regular,2026-08-29 02:00:00+00:00,False,True,13,Cal Poly,38.0,70,Idaho,34.0,fcs,fcs
401868792,2026,1,regular,2026-08-29 16:00:00+00:00,False,False,2168,Dayton,43.0,2986,Fairmont State,20.0,fcs,ii
401907012,2026,1,regular,2026-08-29 16:00:00+00:00,False,False,110254,Davenport,32.0,367,Gannon,20.0,ii,ii
401906641,2026,1,regular,2026-08-29 16:00:00+00:00,False,False,112335,Wheeling,27.0,2646,Thomas More,10.0,ii,ii
401856766,2026,1,regular,2026-08-29 16:00:00+00:00,True,False,2628,TCU,10.0,153,North Carolina,15.0,fbs,fbs
401867916,2026,1,regular,2026-08-29 16:00:00+00:00,False,True,2681,Wagner,7.0,2523,Robert Morris,28.0,fcs,fcs
401906177,2026,1,regular,2026-08-29 16:00:00+00:00,False,False,2707,West Virginia State,56.0,2804,Chowan,24.0,ii,ii
401907631,2026,1,regular,2026-08-29 17:00:00+00:00,False,True,2559,Shippensburg,16.0,209,Lock Haven,24.0,ii,ii
401906588,2026,1,regular,2026-08-29 17:00:00+00:00,False,False,196,Northeastern State,52.0,2170,Delta State,0.0,ii,ii
401906205,2026,1,regular,2026-08-29 17:00:00+00:00,False,False,2560,Shorter,65.0,134002,Andrew,6.0,ii,
401907454,2026,1,regular,2026-08-29 17:00:00+00:00,False,False,2022,American International,17.0,134001,Monroe,3.0,ii,
401869156,2026,1,regular,2026-08-29 17:00:00+00:00,False,False,2130,Chicago State,28.0,127991,Roosevelt,44.0,fcs,ii
401907576,2026,1,regular,2026-08-29 17:00:00+00:00,False,False,455,West Virginia Wesleyan,31.0,126086,Post,13.0,ii,ii
401906126,2026,1,regular,2026-08-29 17:00:00+00:00,False,False,2207,Elizabeth City State,14.0,2232,Fort Valley State,17.0,ii,ii
401868209,2026,1,regular,2026-08-29 17:00:00+00:00,False,False,2086,Butler,27.0,2245,Georgetown College Kentucky,23.0,fcs,
401906185,2026,1,regular,2026-08-29 17:30:00+00:00,False,False,495,BLUEFIELD,20.0,101784,Erskine,37.0,,ii
401868288,2026,1,regular,2026-08-29 18:00:00+00:00,False,False,2674,Valparaiso,59.0,102071,Lawrence Tech,13.0,fcs,
401867882,2026,1,regular,2026-08-29 18:00:00+00:00,False,False,233,South Dakota,59.0,2115,Central Connecticut,20.0,fcs,fcs
401907137,2026,1,regular,2026-08-29 18:00:00+00:00,False,False,2146,Colorado School of Mines,20.0,2848,Western Oregon,22.0,ii,ii
401906949,2026,1,regular,2026-08-29 19:00:00+00:00,False,True,2119,Central State,14.0,2310,Kentucky State,41.0,ii,ii
401864494,2026,1,regular,2026-08-29 19:00:00+00:00,False,False,30,USC,42.0,23,San José State,26.0,fbs,fbs
401868154,2026,1,regular,2026-08-29 19:00:00+00:00,False,True,2502,Portland State,24.0,302,UC Davis,31.0,fcs,fcs
401907246,2026,1,regular,2026-08-29 19:00:00+00:00,False,False,389,Upper Iowa,30.0,2939,Jamestown,13.0,ii,ii
401868324,2026,1,regular,2026-08-29 19:00:00+00:00,True,True,2011,Alabama State,30.0,2582,Southern,17.0,fcs,fcs
401858202,2026,1,regular,2026-08-29 19:30:00+00:00,False,True,258,Virginia,34.0,152,NC State,8.0,fbs,fbs
401868022,2026,1,regular,2026-08-29 19:30:00+00:00,False,True,107,Holy Cross,10.0,2329,Lehigh,35.0,fcs,fcs
401906157,2026,1,regular,2026-08-29 21:00:00+00:00,False,False,490,Benedict,32.0,2304,Johnson C. Smith,10.0,ii,ii
401868084,2026,1,regular,2026-08-29 21:00:00+00:00,False,True,2464,Northern Arizona,34.0,331,Eastern Washington,27.0,fcs,fcs
401864577,2026,1,regular,2026-08-29 21:30:00+00:00,False,False,2449,North Dakota State,33.0,55,Jacksonville State,7.0,fbs,fbs
401866620,2026,1,regular,2026-08-29 21:30:00+00:00,False,False,2193,East Tennessee State,37.0,2097,Campbell,49.0,fcs,fcs
401867855,2026,1,regular,2026-08-29 22:00:00+00:00,False,False,282,Indiana State,21.0,2546,Southeast Missouri State,23.0,fcs,fcs
401868394,2026,1,regular,2026-08-29 22:00:00+00:00,False,True,2747,Wofford,42.0,2643,The Citadel,14.0,fcs,fcs
401867972,2026,1,regular,2026-08-29 22:00:00+00:00,False,False,2450,Norfolk State,56.0,2736,Winston-Salem State,0.0,fcs,ii
401906162,2026,1,regular,2026-08-29 22:00:00+00:00,False,False,2940,Livingstone,16.0,2019,Allen,37.0,ii,ii
401866613,2026,1,regular,2026-08-29 22:00:00+00:00,False,False,2261,Hampton,45.0,2355,Virginia Lynchburg,0.0,fcs,
401868101,2026,1,regular,2026-08-29 22:00:00+00:00,False,False,304,Idaho State,38.0,2678,VMI,10.0,fcs,fcs
401906151,2026,1,regular,2026-08-29 22:00:00+00:00,False,True,2220,Fayetteville State,33.0,2551,Shaw,20.0,ii,ii
401866618,2026,1,regular,2026-08-29 22:00:00+00:00,False,False,2448,North Carolina A&T,7.0,2415,Morgan State,17.0,fcs,fcs
401907403,2026,1,regular,2026-08-29 22:00:00+00:00,False,False,366,Ferrum,7.0,2107,Catawba,13.0,ii,ii
401906956,2026,1,regular,2026-08-29 22:00:00+00:00,False,False,2206,Edward Waters,42.0,125762,Florida Memorial University,28.0,ii,
401867982,2026,1,regular,2026-08-29 22:00:00+00:00,False,False,2569,South Carolina State,87.0,2542,Savannah State,0.0,fcs,ii
401867988,2026,1,regular,2026-08-29 22:00:00+00:00,False,True,257,Richmond,35.0,2083,Bucknell,14.0,fcs,fcs
401866619,2026,1,regular,2026-08-29 22:00:00+00:00,False,False,284,Stonehill,6.0,2803,Bryant,24.0,fcs,fcs
401866408,2026,1,regular,2026-08-29 22:30:00+00:00,False,True,2199,Eastern Michigan,28.0,16,Sacramento State,17.0,fbs,fbs
401907297,2026,1,regular,2026-08-29 23:00:00+00:00,False,False,2395,Midwestern State,30.0,2403,Missouri Southern State,23.0,ii,ii
401866621,2026,1,regular,2026-08-29 23:00:00+00:00,False,False,2635,Tennessee Tech,38.0,2405,Monmouth,14.0,fcs,fcs
401864570,2026,1,regular,2026-08-29 23:00:00+00:00,False,False,52,Florida State,34.0,166,New Mexico State,17.0,fbs,fbs
401868139,2026,1,regular,2026-08-29 23:00:00+00:00,False,False,2717,Western Carolina,45.0,2198,Eastern Kentucky,21.0,fcs,fcs
401868305,2026,1,regular,2026-08-29 23:00:00+00:00,False,True,2377,McNeese,27.0,2617,Stephen F. Austin,38.0,fcs,fcs
401858201,2026,1,regular,2026-08-29 23:00:00+00:00,False,False,24,Stanford,37.0,62,Hawai'i,27.0,fbs,fbs
401891332,2026,1,regular,2026-08-29 23:00:00+00:00,False,False,2287,Illinois State,76.0,2595,St. Francis (IL),0.0,fcs,
401868934,2026,1,regular,2026-08-29 23:00:00+00:00,True,False,2029,Arkansas-Pine Bluff,35.0,60,Morehouse,15.0,fcs,ii
401896385,2026,1,regular,2026-08-29 23:00:00+00:00,False,False,2016,Alcorn State,56.0,2396,Miles,7.0,fcs,ii
401907204,2026,1,regular,2026-08-29 23:00:00+00:00,False,False,2876,Lincoln (MO),27.0,2860,Central Methodist,11.0,ii,
401907243,2026,1,regular,2026-08-29 23:00:00+00:00,False,False,2654,Truman State,21.0,2687,Washburn,27.0,ii,ii
401868049,2026,1,regular,2026-08-29 23:00:00+00:00,False,False,2320,Lamar,21.0,2000,Abilene Christian,14.0,fcs,fcs
401868952,2026,1,regular,2026-08-29 23:00:00+00:00,False,False,2755,Grambling,49.0,2805,Clark Atlanta,7.0,fcs,ii
401872615,2026,1,regular,2026-08-29 23:00:00+00:00,False,False,2571,South Dakota State,70.0,56,Stetson,7.0,fcs,fcs
401913104,2026,1,regular,2026-08-29 23:00:00+00:00,False,False,2916,Incarnate Word,76.0,2824,Oklahoma Panhandle,14.0,fcs,
401868948,2026,1,regular,2026-08-29 23:00:00+00:00,False,False,50,Florida A&M,20.0,2013,Albany State,7.0,fcs,ii
401868149,2026,1,regular,2026-08-29 23:00:00+00:00,True,False,2453,North Alabama,22.0,2535,Samford,10.0,fcs,fcs
401874042,2026,1,regular,2026-08-29 23:00:00+00:00,False,False,2382,Mercer,23.0,2837,East Texas A&M,15.0,fcs,fcs
401867977,2026,1,regular,2026-08-29 23:00:00+00:00,False,False,2640,Texas Southern,42.0,2428,North Carolina Central,30.0,fcs,fcs
401867935,2026,1,regular,2026-08-29 23:30:00+00:00,True,False,47,Howard,31.0,2010,Alabama A&M,24.0,fcs,fcs
401868245,2026,1,regular,2026-08-30 00:00:00+00:00,False,False,292,UT Rio Grande Valley,44.0,110243,UT Permian Basin,0.0,fcs,ii
401907334,2026,1,regular,2026-08-30 00:00:00+00:00,False,False,2834,Sul Ross State,20.0,630,Wayland Baptist,34.0,ii,
401907308,2026,1,regular,2026-08-30 00:00:00+00:00,False,False,2658,Texas A&M-Kingsville,3.0,138,Northwest Missouri State,48.0,ii,ii
401907324,2026,1,regular,2026-08-30 00:00:00+00:00,False,False,2064,Bethel University Tennessee,16.0,2323,Lane College,3.0,,ii
401868194,2026,1,regular,2026-08-30 00:30:00+00:00,False,False,2634,Tennessee State,24.0,2296,Jackson State,26.0,fcs,fcs
401868235,2026,1,regular,2026-08-30 01:00:00+00:00,False,False,2627,Tarleton State,49.0,2504,Prairie View A&M,30.0,fcs,fcs
401868110,2026,1,regular,2026-08-30 01:00:00+00:00,False,True,149,Montana,28.0,253,Southern Utah,21.0,fcs,fcs
401862693,2026,1,regular,2026-08-30 02:00:00+00:00,False,False,2439,UNLV,21.0,235,Memphis,27.0,fbs,fbs
401868118,2026,1,regular,2026-08-30 02:00:00+00:00,False,True,3101,Utah Tech,0.0,147,Montana State,54.0,fcs,fcs
401906596,2026,1,regular,2026-08-31 00:00:00+00:00,True,False,2657,Tuskegee,17.0,2695,West Alabama,27.0,ii,ii
401908891,2026,1,regular,2026-09-03 21:00:00+00:00,False,False,2818,Montclair State,24.0,2383,Merchant Marine,41.0,iii,iii
401906880,2026,1,regular,2026-09-03 22:00:00+00:00,False,False,131,Wayne State (MI),0.0,2886,Northwood,52.0,ii,ii
401907412,2026,1,regular,2026-09-03 22:00:00+00:00,False,False,2105,Carson Newman,44.0,134000,Thomas,0.0,ii,
401907516,2026,1,regular,2026-09-03 22:00:00+00:00,False,False,2858,California (PA),49.0,2128,Charleston (WV),24.0,ii,ii
401907484,2026,1,regular,2026-09-03 22:00:00+00:00,False,False,2038,Assumption,35.0,2315,Kutztown,56.0,ii,ii
401858423,2026,1,regular,2026-09-03 22:00:00+00:00,False,False,164,Rutgers,21.0,113,Massachusetts,37.0,fbs,fbs
401868269,2026,1,regular,2026-09-03 22:00:00+00:00,False,False,2413,Morehead State,75.0,3077,Kentucky Christian,24.0,fcs,
401907526,2026,1,regular,2026-09-03 22:00:00+00:00,False,False,2134,Clarion,52.0,455,West Virginia Wesleyan,14.0,ii,ii
401907610,2026,1,regular,2026-09-03 22:00:00+00:00,False,False,2249,Glenville State,24.0,210,Millersville,21.0,ii,ii
401907838,2026,1,regular,2026-09-03 22:00:00+00:00,False,False,354,Olivet,39.0,74,Millikin,19.0,iii,iii
401907493,2026,1,regular,2026-09-03 22:00:00+00:00,False,False,2986,Fairmont State,13.0,2071,Bloomsburg,35.0,ii,ii
401907677,2026,1,regular,2026-09-03 23:00:00+00:00,False,True,2817,Minnesota St Moorhead,48.0,3066,Concordia St. Paul,30.0,ii,ii
401866409,2026,1,regular,2026-09-03 23:00:00+00:00,False,False,2084,Buffalo,21.0,399,UAlbany,17.0,fbs,fcs
401908789,2026,1,regular,2026-09-03 23:00:00+00:00,False,False,317,Marietta,34.0,2849,Westminster (PA),24.0,iii,iii
401907995,2026,1,regular,2026-09-03 23:00:00+00:00,False,False,2723,Wisconsin River Falls,73.0,2896,Southern Virginia,7.0,iii,iii
401864424,2026,1,regular,2026-09-03 23:00:00+00:00,False,False,48,Delaware,42.0,2771,Merrimack,7.0,fbs,fcs
401907003,2026,1,regular,2026-09-03 23:00:00+00:00,False,False,125,Grand Valley State,56.0,2704,West Texas,14.0,ii,ii
401908201,2026,1,regular,2026-09-03 23:00:00+00:00,False,False,247,King's,0.0,398,Wilkes,7.0,iii,iii
401907871,2026,1,regular,2026-09-03 23:00:00+00:00,False,False,2781,Brockport,68.0,2085,Buffalo State,0.0,iii,iii
401906877,2026,1,regular,2026-09-03 23:00:00+00:00,False,False,308,Ashland,24.0,2291,IU Pennsylvania,34.0,ii,ii
401866622,2026,1,regular,2026-09-03 23:00:00+00:00,False,False,2619,Stony Brook,36.0,2815,Lindenwood,32.0,fcs,fcs
401856767,2026,1,regular,2026-09-03 23:00:00+00:00,False,False,2116,UCF,73.0,2065,Bethune-Cookman,6.0,fbs,fcs
401907697,2026,1,regular,2026-09-03 23:00:00+00:00,False,True,425,Northern State,31.0,2851,Winona State,16.0,ii,ii
401858204,2026,1,regular,2026-09-03 23:00:00+00:00,False,False,154,Wake Forest,38.0,2006,Akron,16.0,fbs,fbs
401907666,2026,1,regular,2026-09-03 23:00:00+00:00,False,False,2651,Trine,48.0,80,Chicago,34.0,iii,iii
401908216,2026,1,regular,2026-09-03 23:00:00+00:00,False,False,2980,Ohio Wesleyan,68.0,2074,Bluffton,9.0,iii,iii
401907727,2026,1,regular,2026-09-03 23:00:00+00:00,False,True,568,Minot State,28.0,2844,Wayne State (NE),35.0,ii,ii
401906603,2026,1,regular,2026-09-03 23:00:00+00:00,False,False,2673,Valdosta State,59.0,2683,Warner,10.0,ii,
401867889,2026,1,regular,2026-09-03 23:00:00+00:00,False,False,2535,Samford,18.0,79,Southern Illinois,22.0,fcs,fcs
401864425,2026,1,regular,2026-09-03 23:00:00+00:00,False,False,338,Kennesaw State,47.0,2698,West Georgia,0.0,fbs,fcs
401906553,2026,1,regular,2026-09-03 23:00:00+00:00,False,True,200,Southern Nazarene,21.0,2271,Henderson State,57.0,ii,ii
401906545,2026,1,regular,2026-09-03 23:00:00+00:00,False,True,2264,Harding,76.0,2823,Northwestern (OK),0.0,ii,ii
401908854,2026,1,regular,2026-09-03 23:00:00+00:00,False,False,2748,Wooster,19.0,2733,Wilmington (OH),22.0,iii,iii
401906649,2026,1,regular,2026-09-03 23:00:00+00:00,False,False,2205,Edinboro,38.0,2477,Ohio Dominican,36.0,ii,ii
401908346,2026,1,regular,2026-09-03 23:00:00+00:00,False,False,246,Juniata,7.0,2248,Gettysburg,24.0,iii,iii
401907644,2026,1,regular,2026-09-03 23:00:00+00:00,False,True,134,Minnesota Duluth,30.0,2043,Augustana (SD),23.0,ii,ii
401906526,2026,1,regular,2026-09-03 23:00:00+00:00,False,True,2028,Arkansas Monticello,12.0,199,Southeastern Oklahoma State,21.0,ii,ii
401907145,2026,1,regular,2026-09-04 00:00:00+00:00,False,False,2231,Fort Hays,17.0,2570,CSU Pueblo,35.0,ii,ii
401906536,2026,1,regular,2026-09-04 00:00:00+00:00,False,True,2888,Ouachita Baptist,17.0,2191,East Central,27.0,ii,ii
401907162,2026,1,regular,2026-09-04 00:00:00+00:00,False,False,2714,Western Colorado,23.0,2025,Angelo State,21.0,ii,ii
401908386,2026,1,regular,2026-09-04 00:00:00+00:00,False,False,2398,Millsaps,36.0,2056,Belhaven,20.0,iii,iii
401906566,2026,1,regular,2026-09-04 00:00:00+00:00,False,True,319,Oklahoma Baptist,38.0,2568,Southern Arkansas,20.0,ii,ii
401906515,2026,1,regular,2026-09-04 00:00:00+00:00,False,True,2033,Arkansas Tech,26.0,2927,Southwestern Oklahoma State,20.0,ii,ii
401907121,2026,1,regular,2026-09-04 00:00:00+00:00,False,False,2123,Chadron State,24.0,2438,Nebraska Kearney,21.0,ii,ii
401873393,2026,1,regular,2026-09-04 00:00:00+00:00,False,False,266,Beloit,14.0,2524,Rockford,12.0,iii,iii
401856663,2026,1,regular,2026-09-04 00:00:00+00:00,False,False,142,Missouri,54.0,2029,Arkansas-Pine Bluff,14.0,fbs,fcs
401858422,2026,1,regular,2026-09-04 00:00:00+00:00,False,False,135,Minnesota,59.0,2197,Eastern Illinois,7.0,fbs,fcs
401856776,2026,1,regular,2026-09-04 00:00:00+00:00,False,False,59,Georgia Tech,13.0,38,Colorado,14.0,fbs,fbs
401907156,2026,1,regular,2026-09-04 00:00:00+00:00,False,False,2703,Western New Mexico,32.0,2424,New Mexico Highlands,55.0,ii,ii
401907337,2026,1,regular,2026-09-04 00:00:00+00:00,False,True,2118,Central Missouri,49.0,137,Missouri Western,10.0,ii,ii
401858424,2026,1,regular,2026-09-04 01:00:00+00:00,False,False,356,Illinois,42.0,5,UAB,23.0,fbs,fbs
401856768,2026,1,regular,2026-09-04 01:00:00+00:00,False,False,254,Utah,66.0,70,Idaho,14.0,fbs,fcs
401907008,2026,1,regular,2026-09-04 22:00:00+00:00,False,False,2222,Ferris State,38.0,2060,Bentley,3.0,ii,ii
401908094,2026,1,regular,2026-09-04 22:00:00+00:00,False,False,291,Methodist,3.0,2828,Shenandoah,30.0,iii,iii
401908162,2026,1,regular,2026-09-04 22:00:00+00:00,False,False,2015,Albright,44.0,417,Gallaudet,7.0,iii,iii
401908318,2026,1,regular,2026-09-04 22:00:00+00:00,False,False,2827,Rowan,14.0,2371,Mary Hardin Baylor,35.0,iii,iii
401908331,2026,1,regular,2026-09-04 22:00:00+00:00,False,False,2175,Dickinson,27.0,2516,Randolph Macon,14.0,iii,iii
401908537,2026,1,regular,2026-09-04 22:00:00+00:00,False,False,2884,Nichols,7.0,109,MIT,35.0,iii,iii
401864495,2026,1,regular,2026-09-04 22:30:00+00:00,False,False,2199,Eastern Michigan,21.0,23,San José State,27.0,fbs,fbs
401906610,2026,1,regular,2026-09-04 22:30:00+00:00,False,False,122774,Keystone,25.0,111674,Alvernia,21.0,iii,iii
401907862,2026,1,regular,2026-09-04 23:00:00+00:00,False,False,174,Hobart,24.0,365,Alfred,17.0,iii,iii
401868262,2026,1,regular,2026-09-04 23:00:00+00:00,False,False,2368,Marist,27.0,112334,Franklin Pierce,18.0,fcs,ii
401907537,2026,1,regular,2026-09-04 23:00:00+00:00,False,False,2487,Pace,26.0,2188,East Stroudsburg,37.0,ii,ii
401858435,2026,1,regular,2026-09-04 23:00:00+00:00,False,False,2509,Purdue,44.0,282,Indiana State,19.0,fbs,fcs
401866623,2026,1,regular,2026-09-04 23:00:00+00:00,False,False,2247,Georgia State,59.0,2448,North Carolina A&T,10.0,fbs,fcs
401908309,2026,1,regular,2026-09-04 23:00:00+00:00,False,False,471,Stevenson,17.0,2079,Bridgewater,0.0,iii,iii
401907736,2026,1,regular,2026-09-04 23:00:00+00:00,False,False,184,Rochester (NY),20.0,2963,Case Western Reserve,38.0,iii,iii
401908690,2026,1,regular,2026-09-04 23:00:00+00:00,False,False,2467,Norwich,10.0,2779,St. Lawrence,18.0,iii,iii
401908606,2026,1,regular,2026-09-04 23:00:00+00:00,False,False,379,UMass Dartmouth,13.0,2776,Salve Regina,21.0,iii,iii
401907966,2026,1,regular,2026-09-04 23:00:00+00:00,False,False,2969,Misericordia,42.0,173,Hartwick,14.0,iii,iii
401908517,2026,1,regular,2026-09-04 23:00:00+00:00,False,False,81,Springfield,42.0,2702,Western New England,28.0,iii,iii
401908263,2026,1,regular,2026-09-04 23:00:00+00:00,False,False,2234,Franklin & Marshall,31.0,388,Lebanon Valley,7.0,iii,iii
401908181,2026,1,regular,2026-09-04 23:00:00+00:00,False,False,2667,Ursinus,17.0,2808,Delaware Valley,14.0,iii,iii
401908359,2026,1,regular,2026-09-04 23:30:00+00:00,False,False,2700,McDaniel,13.0,2108,Catholic,7.0,iii,iii
401856664,2026,1,regular,2026-09-05 00:00:00+00:00,False,False,201,Oklahoma,51.0,2638,UTEP,0.0,fbs,fbs
401858429,2026,1,regular,2026-09-05 00:00:00+00:00,False,False,127,Michigan State,30.0,2649,Toledo,20.0,fbs,fbs
401907818,2026,1,regular,2026-09-05 00:00:00+00:00,False,False,2106,Carthage,23.0,6353,Lakeland,14.0,iii,iii
401856769,2026,1,regular,2026-09-05 00:00:00+00:00,False,False,2305,Kansas,51.0,2341,Long Island University,6.0,fbs,fcs
401858206,2026,1,regular,2026-09-05 01:00:00+00:00,False,True,24,Stanford,6.0,2390,Miami,45.0,fbs,fbs
401858436,2026,1,regular,2026-09-05 01:00:00+00:00,False,False,30,USC,39.0,278,Fresno State,0.0,fbs,fbs
401908292,2026,1,regular,2026-09-05 02:00:00+00:00,False,False,205,Pacific (OR),0.0,2758,Howard Payne,49.0,iii,iii
401908508,2026,1,regular,2026-09-05 15:00:00+00:00,False,False,446,Martin Luther,21.0,2359,Macalester,34.0,iii,iii
401908141,2026,1,regular,2026-09-05 15:00:00+00:00,False,False,2968,Gustavus Adolphus,29.0,2964,Central College,3.0,iii,iii
401908470,2026,1,regular,2026-09-05 15:00:00+00:00,False,False,509,Crown,21.0,162,Hamline,31.0,iii,iii
401908514,2026,1,regular,2026-09-05 15:00:00+00:00,False,False,2399,Minnesota Morris,19.0,2151,Concordia Chicago,52.0,iii,iii
401868284,2026,1,regular,2026-09-05 15:00:00+00:00,False,False,56,Stetson,45.0,2691,Webber International,10.0,fcs,
401908624,2026,1,regular,2026-09-05 16:00:00+00:00,False,False,2528,Rensselaer,35.0,2749,WPI,7.0,iii,iii
401908189,2026,1,regular,2026-09-05 16:00:00+00:00,False,False,452,Endicott,24.0,127954,Eastern,14.0,iii,iii
401908101,2026,1,regular,2026-09-05 16:00:00+00:00,False,False,191,Heidelberg,40.0,2373,Maryville (TN),14.0,iii,iii
401908557,2026,1,regular,2026-09-05 16:00:00+00:00,False,False,2972,Plymouth State,28.0,131108,New England College,14.0,iii,
401908563,2026,1,regular,2026-09-05 16:00:00+00:00,False,False,110,Mass Maritime,49.0,274,Maine Maritime,0.0,iii,iii
401908530,2026,1,regular,2026-09-05 16:00:00+00:00,False,False,2557,Coast Guard,49.0,111675,New England,35.0,iii,iii
401907843,2026,1,regular,2026-09-05 16:00:00+00:00,False,False,3071,North Central College,44.0,2802,Bethel (MN),21.0,iii,iii
401907879,2026,1,regular,2026-09-05 16:00:00+00:00,False,False,146,Grove City,18.0,2782,SUNY Cortland,28.0,iii,iii
401907826,2026,1,regular,2026-09-05 16:00:00+00:00,False,False,72,Elmhurst,13.0,2286,Illinois College,28.0,iii,iii
401907832,2026,1,regular,2026-09-05 16:00:00+00:00,False,False,2790,Albion,10.0,306,Illinois Wesleyan,24.0,iii,iii
401907013,2026,1,regular,2026-09-05 16:00:00+00:00,False,False,110254,Davenport,28.0,2654,Truman State,14.0,ii,ii
401906844,2026,1,regular,2026-09-05 16:00:00+00:00,False,False,2273,Hillsdale,55.0,2816,McKendree,24.0,ii,ii
401908568,2026,1,regular,2026-09-05 16:00:00+00:00,False,True,110438,Dean,26.0,114,Fitchburg State,35.0,iii,iii
401858208,2026,1,regular,2026-09-05 16:00:00+00:00,False,False,183,Syracuse,66.0,160,New Hampshire,3.0,fbs,fcs
401908091,2026,1,regular,2026-09-05 16:00:00+00:00,False,False,390,Utica,26.0,2686,Washington & Jefferson,11.0,iii,iii
401869960,2026,1,regular,2026-09-05 16:00:00+00:00,False,False,256,James Madison,20.0,2335,Liberty,13.0,fbs,fbs
401906994,2026,1,regular,2026-09-05 16:00:00+00:00,False,False,2392,Michigan Tech,48.0,2395,Midwestern State,27.0,ii,ii
401856778,2026,1,regular,2026-09-05 16:00:00+00:00,False,False,248,Houston,33.0,204,Oregon State,20.0,fbs,fbs
401861962,2026,1,regular,2026-09-05 16:00:00+00:00,False,False,41,UConn,56.0,322,Lafayette,7.0,fbs,fcs
401862701,2026,1,regular,2026-09-05 16:00:00+00:00,False,False,349,Army,59.0,2803,Bryant,3.0,fbs,fcs
401867924,2026,1,regular,2026-09-05 16:00:00+00:00,False,True,2441,New Haven,3.0,284,Stonehill,21.0,fcs,fcs
401908738,2026,1,regular,2026-09-05 16:00:00+00:00,False,False,359,Otterbein,21.0,129738,Calvin,53.0,iii,iii
401867928,2026,1,regular,2026-09-05 16:00:00+00:00,False,False,2681,Wagner,31.0,2583,Southern Connecticut State,7.0,fcs,ii
401856780,2026,1,regular,2026-09-05 16:00:00+00:00,False,False,277,West Virginia,31.0,324,Coastal Carolina,24.0,fbs,fbs
401866410,2026,1,regular,2026-09-05 16:00:00+00:00,False,False,189,Bowling Green,13.0,2627,Tarleton State,20.0,fbs,fcs
401909005,2026,1,regular,2026-09-05 16:00:00+00:00,False,False,89,Wabash,29.0,297,Hampden Sydney,20.0,iii,iii
401908364,2026,1,regular,2026-09-05 16:00:00+00:00,False,False,323,Moravian,7.0,2422,Muhlenberg,34.0,iii,iii
401908353,2026,1,regular,2026-09-05 16:00:00+00:00,False,False,118,Johns Hopkins,30.0,175,Ithaca,21.0,iii,iii
401858430,2026,1,regular,2026-09-05 16:00:00+00:00,False,False,158,Nebraska,49.0,195,Ohio,21.0,fbs,fbs
401858425,2026,1,regular,2026-09-05 16:00:00+00:00,False,False,84,Indiana,52.0,249,North Texas,16.0,fbs,fbs
401856634,2026,1,regular,2026-09-05 16:00:00+00:00,False,False,333,Alabama,48.0,151,East Carolina,10.0,fbs,fbs
401908759,2026,1,regular,2026-09-05 16:30:00+00:00,False,True,67,Luther,30.0,268,Lawrence,7.0,iii,iii
401908150,2026,1,regular,2026-09-05 16:30:00+00:00,False,False,2141,Coe,49.0,2155,Cornell (IA),7.0,iii,iii
401908771,2026,1,regular,2026-09-05 16:30:00+00:00,False,False,65,Grinnell,16.0,133688,Mount Mercy,13.0,iii,
401858432,2026,1,regular,2026-09-05 16:30:00+00:00,False,False,194,Ohio State,56.0,2050,Ball State,3.0,fbs,fbs
401868017,2026,1,regular,2026-09-05 16:30:00+00:00,False,True,46,Georgetown,14.0,2329,Lehigh,45.0,fcs,fcs
401858207,2026,1,regular,2026-09-05 16:30:00+00:00,False,False,221,Pittsburgh,59.0,193,Miami (OH),14.0,fbs,fbs
401856665,2026,1,regular,2026-09-05 16:45:00+00:00,False,False,2579,South Carolina,57.0,2309,Kent State,0.0,fbs,fbs
401908644,2026,1,regular,2026-09-05 17:00:00+00:00,False,False,2442,The College of New Jersey,7.0,2354,Lycoming,17.0,iii,iii
401856659,2026,1,regular,2026-09-05 17:00:00+00:00,False,False,96,Kentucky,45.0,2754,Youngstown State,13.0,fbs,fcs
401907250,2026,1,regular,2026-09-05 17:00:00+00:00,False,True,60,Morehouse,21.0,2805,Clark Atlanta,31.0,ii,ii
401908805,2026,1,regular,2026-09-05 17:00:00+00:00,False,False,126,Kalamazoo,10.0,352,Kenyon,40.0,iii,iii
401856779,2026,1,regular,2026-09-05 17:00:00+00:00,False,False,66,Iowa State,38.0,2546,Southeast Missouri State,10.0,fbs,fcs
401908965,2026,1,regular,2026-09-05 17:00:00+00:00,False,False,2688,Washington and Lee,13.0,2746,Wittenberg,7.0,iii,iii
401908650,2026,1,regular,2026-09-05 17:00:00+00:00,False,False,2003,Adrian,17.0,427,Ohio Northern,10.0,iii,iii
401908069,2026,1,regular,2026-09-05 17:00:00+00:00,False,False,2614,Saint Vincent,60.0,125974,Hilbert,6.0,iii,iii
401908049,2026,1,regular,2026-09-05 17:00:00+00:00,False,False,2738,Wisconsin Eau Claire,23.0,2800,Alma,15.0,iii,iii
401908623,2026,1,regular,2026-09-05 17:00:00+00:00,False,False,2951,SUNY Maritime,42.0,402,Worcester State,41.0,iii,iii
401906118,2026,1,regular,2026-09-05 17:00:00+00:00,False,True,330,Virginia State,42.0,2075,Bowie State,13.0,ii,ii
401908617,2026,1,regular,2026-09-05 17:00:00+00:00,False,False,293,Vermont State Castleton,29.0,2909,Westfield State,7.0,iii,iii
401868000,2026,1,regular,2026-09-05 17:00:00+00:00,False,True,2142,Colgate,35.0,107,Holy Cross,10.0,fcs,fcs
401908662,2026,1,regular,2026-09-05 17:00:00+00:00,False,False,2845,Waynesburg,12.0,424,Capital,35.0,iii,iii
401908247,2026,1,regular,2026-09-05 17:00:00+00:00,False,False,6845,Nebraska Wesleyan,0.0,2152,Concordia (MN),28.0,iii,iii
401908684,2026,1,regular,2026-09-05 17:00:00+00:00,False,False,237,Union,17.0,216,Susquehanna,23.0,iii,iii
401908285,2026,1,regular,2026-09-05 17:00:00+00:00,False,False,2810,Hardin Simmons,44.0,411,Chapman,24.0,iii,iii
401908576,2026,1,regular,2026-09-05 17:00:00+00:00,False,False,2280,Husson,21.0,2967,Framingham State,33.0,iii,iii
401907604,2026,1,regular,2026-09-05 17:00:00+00:00,False,False,2974,Shepherd,34.0,341,Frostburg State,26.0,ii,ii
401908744,2026,1,regular,2026-09-05 17:00:00+00:00,False,False,2171,Denison,14.0,2812,Hope,28.0,iii,iii
401908609,2026,1,regular,2026-09-05 17:00:00+00:00,False,False,2970,William Paterson,17.0,2843,Western Connecticut State,27.0,iii,iii
401864496,2026,1,regular,2026-09-05 17:00:00+00:00,False,False,2005,Air Force,34.0,2184,Duquesne,0.0,fbs,fcs
401907850,2026,1,regular,2026-09-05 17:00:00+00:00,False,False,396,Wheaton (IL),24.0,426,Mount Union,23.0,iii,iii
401873403,2026,1,regular,2026-09-05 17:00:00+00:00,False,False,2871,Kean,30.0,3110,SUNY Morrisville,33.0,iii,iii
401908257,2026,1,regular,2026-09-05 17:00:00+00:00,False,False,2362,Manchester,17.0,433,Westminster (MO),10.0,iii,iii
401908206,2026,1,regular,2026-09-05 17:30:00+00:00,False,False,2023,Anderson (IN),12.0,2018,Allegheny,28.0,iii,iii
401868186,2026,1,regular,2026-09-05 17:30:00+00:00,False,False,2747,Wofford,17.0,2241,Gardner-Webb,13.0,fcs,fcs
401908460,2026,1,regular,2026-09-05 18:00:00+00:00,False,False,2923,Pomona Pitzer,42.0,2930,Willamette,23.0,iii,iii
401866624,2026,1,regular,2026-09-05 18:00:00+00:00,False,True,2405,Monmouth,31.0,2529,Sacred Heart,24.0,fcs,fcs
401908765,2026,1,regular,2026-09-05 18:00:00+00:00,False,False,2891,Ripon,14.0,409,Concordia (WI),38.0,iii,iii
401906049,2026,1,regular,2026-09-05 18:00:00+00:00,False,False,2148,Concord,26.0,124180,Bluefield State,22.0,ii,ii
401906860,2026,1,regular,2026-09-05 18:00:00+00:00,False,False,2292,Indianapolis,10.0,2224,Findlay,30.0,ii,ii
401908921,2026,1,regular,2026-09-05 18:00:00+00:00,False,False,375,St. Scholastica,14.0,2741,Wisconsin Lutheran,37.0,iii,iii
401862698,2026,1,regular,2026-09-05 18:00:00+00:00,False,False,218,Temple,38.0,227,Rhode Island,14.0,fbs,fcs
401908412,2026,1,regular,2026-09-05 18:00:00+00:00,False,False,2553,Sewanee,37.0,2062,Bethany (WV),40.0,iii,iii
401908039,2026,1,regular,2026-09-05 18:00:00+00:00,False,False,2600,Saint John's (MN),24.0,2740,Wisconsin La Crosse,21.0,iii,iii
401908088,2026,1,regular,2026-09-05 18:00:00+00:00,False,False,374,St. John Fisher,38.0,2221,FDU Florham,8.0,iii,iii
401907420,2026,1,regular,2026-09-05 18:00:00+00:00,False,False,366,Ferrum,16.0,2213,Emory & Henry,55.0,ii,ii
401907691,2026,1,regular,2026-09-05 18:00:00+00:00,False,True,2939,Jamestown,0.0,2894,Sioux Falls,31.0,ii,ii
401907758,2026,1,regular,2026-09-05 18:00:00+00:00,False,False,63,Buena Vista,14.0,2283,Benedictine (IL),41.0,iii,iii
401908499,2026,1,regular,2026-09-05 18:00:00+00:00,False,False,262,Lake Forest,77.0,2257,Greenville,14.0,iii,iii
401907789,2026,1,regular,2026-09-05 18:00:00+00:00,False,False,2832,St. Norbert,10.0,32,Carroll (WI),40.0,iii,iii
401907886,2026,1,regular,2026-09-05 18:00:00+00:00,False,False,2745,Wisconsin Whitewater,69.0,2101,Carleton,7.0,iii,iii
401908448,2026,1,regular,2026-09-05 18:00:00+00:00,False,False,17,Claremont Mudd Scripps,19.0,583,Northwestern (MN),14.0,iii,iii
401908018,2026,1,regular,2026-09-05 18:00:00+00:00,False,False,271,Wisconsin Oshkosh,15.0,203,Linfield,41.0,iii,iii
401907655,2026,1,regular,2026-09-05 18:00:00+00:00,False,False,2102,Carnegie Mellon,7.0,2302,John Carroll,17.0,iii,iii
401909047,2026,1,regular,2026-09-05 18:00:00+00:00,False,False,391,Oberlin,2.0,2274,Hiram,33.0,iii,iii
401868111,2026,1,regular,2026-09-05 19:00:00+00:00,False,False,149,Montana,45.0,2181,Drake,10.0,fcs,fcs
401907475,2026,1,regular,2026-09-05 19:00:00+00:00,False,False,2022,American International,21.0,209,Lock Haven,14.0,ii,ii
401906682,2026,1,regular,2026-09-05 19:00:00+00:00,False,False,437,Lake Erie,35.0,2830,Saint Anselm,7.0,ii,ii
401907111,2026,1,regular,2026-09-05 19:00:00+00:00,False,False,2069,Black Hills State,44.0,512,Dakota State University,31.0,ii,
401907159,2026,1,regular,2026-09-05 19:00:00+00:00,False,False,613,South Dakota Mines,38.0,2586,Southwest Baptist,17.0,ii,ii
401906597,2026,1,regular,2026-09-05 19:00:00+00:00,False,False,2331,Lenoir Rhyne,23.0,2695,West Alabama,34.0,ii,ii
401856658,2026,1,regular,2026-09-05 19:00:00+00:00,False,False,61,Georgia,63.0,2634,Tennessee State,3.0,fbs,fcs
401908722,2026,1,regular,2026-09-05 19:00:00+00:00,False,False,2242,Geneva,21.0,2725,Widener,14.0,iii,iii
401856667,2026,1,regular,2026-09-05 19:30:00+00:00,False,False,251,Texas,59.0,326,Texas State,7.0,fbs,fbs
401862694,2026,1,regular,2026-09-05 19:30:00+00:00,False,False,2429,Charlotte,41.0,2643,The Citadel,43.0,fbs,fcs
401866627,2026,1,regular,2026-09-05 19:30:00+00:00,False,False,2026,App State,55.0,311,Maine,3.0,fbs,fcs
401858433,2026,1,regular,2026-09-05 19:30:00+00:00,False,False,2483,Oregon,34.0,68,Boise State,27.0,fbs,fbs
401856666,2026,1,regular,2026-09-05 19:30:00+00:00,False,False,2633,Tennessee,56.0,231,Furman,9.0,fbs,fcs
401864499,2026,1,regular,2026-09-05 19:30:00+00:00,False,False,2449,North Dakota State,38.0,2230,Fordham,0.0,fbs,fcs
401856777,2026,1,regular,2026-09-05 19:30:00+00:00,False,False,2132,Cincinnati,34.0,103,Boston College,15.0,fbs,fbs
401858209,2026,1,regular,2026-09-05 19:30:00+00:00,False,False,150,Duke,17.0,2655,Tulane,3.0,fbs,fbs
401856636,2026,1,regular,2026-09-05 19:30:00+00:00,True,False,2,Auburn,17.0,239,Baylor,16.0,fbs,fbs
401862700,2026,1,regular,2026-09-05 19:30:00+00:00,False,False,2636,UTSA,45.0,292,UT Rio Grande Valley,16.0,fbs,fcs
401858434,2026,1,regular,2026-09-05 19:30:00+00:00,False,False,213,Penn State,45.0,276,Marshall,0.0,fbs,fbs
401862696,2026,1,regular,2026-09-05 19:30:00+00:00,False,False,2426,Navy,42.0,119,Towson,15.0,fbs,fcs
401856772,2026,1,regular,2026-09-05 19:45:00+00:00,False,False,202,Tulsa,24.0,197,Oklahoma State,10.0,fbs,fbs
401867875,2026,1,regular,2026-09-05 20:00:00+00:00,False,False,155,North Dakota,62.0,2900,St. Thomas (MN),26.0,fcs,fcs
401907852,2026,1,regular,2026-09-05 20:00:00+00:00,False,False,3162,Alfred State,74.0,2644,Thiel,13.0,iii,iii
401873228,2026,1,regular,2026-09-05 20:00:00+00:00,False,True,2508,Puget Sound,21.0,2333,Lewis & Clark,42.0,iii,iii
401908429,2026,1,regular,2026-09-05 20:00:00+00:00,False,False,2486,Pacific Lutheran,37.0,2094,Cal Lutheran,30.0,iii,iii
401907634,2026,1,regular,2026-09-05 20:00:00+00:00,False,True,132,Bemidji State,38.0,2587,Southwest Minnesota State,0.0,ii,ii
401907615,2026,1,regular,2026-09-05 20:00:00+00:00,False,False,2699,West Liberty,28.0,611,Seton Hill,24.0,ii,ii
401907130,2026,1,regular,2026-09-05 20:00:00+00:00,False,False,2201,Eastern New Mexico,23.0,11,Colorado Mesa,42.0,ii,ii
401907332,2026,1,regular,2026-09-05 20:00:00+00:00,False,False,2584,Southern Oregon,35.0,2848,Western Oregon,65.0,,ii
401906921,2026,1,regular,2026-09-05 20:00:00+00:00,False,False,2019,Allen,31.0,125762,Florida Memorial University,38.0,ii,
401856635,2026,1,regular,2026-09-05 20:15:00+00:00,False,False,8,Arkansas,31.0,2453,North Alabama,14.0,fbs,fcs
401858426,2026,1,regular,2026-09-05 20:15:00+00:00,False,False,2294,Iowa,40.0,2459,Northern Illinois,0.0,fbs,fbs
401908275,2026,1,regular,2026-09-05 21:00:00+00:00,False,False,101161,Lyon,7.0,2194,East Texas Baptist,58.0,iii,iii
401906206,2026,1,regular,2026-09-05 21:00:00+00:00,False,False,2560,Shorter,20.0,490,Benedict,24.0,ii,ii
401868356,2026,1,regular,2026-09-05 21:00:00+00:00,False,False,2572,Southern Miss,49.0,2016,Alcorn State,3.0,fbs,fcs
401906973,2026,1,regular,2026-09-05 21:00:00+00:00,True,True,2232,Fort Valley State,23.0,2657,Tuskegee,24.0,ii,ii
401868345,2026,1,regular,2026-09-05 21:30:00+00:00,False,False,2193,East Tennessee State,48.0,2839,Tusculum,14.0,fcs,ii
401906621,2026,1,regular,2026-09-05 22:00:00+00:00,False,False,2682,Walsh,23.0,112335,Wheeling,21.0,ii,ii
401908076,2026,1,regular,2026-09-05 22:00:00+00:00,False,False,2047,Averett,13.0,286,North Carolina Wesleyan,27.0,iii,iii
401906146,2026,1,regular,2026-09-05 22:00:00+00:00,False,True,2676,Virginia Union,49.0,2940,Livingstone,20.0,ii,ii
401906903,2026,1,regular,2026-09-05 22:00:00+00:00,False,False,129,Saginaw Valley State,41.0,2658,Texas A&M-Kingsville,24.0,ii,ii
401868325,2026,1,regular,2026-09-05 22:00:00+00:00,False,False,2011,Alabama State,34.0,2323,Lane College,0.0,fcs,ii
401867978,2026,1,regular,2026-09-05 22:00:00+00:00,False,False,2428,North Carolina Central,27.0,2207,Elizabeth City State,6.0,fcs,ii
401906133,2026,1,regular,2026-09-05 22:00:00+00:00,False,False,2339,Lincoln (PA),13.0,223,West Chester,21.0,ii,ii
401867989,2026,1,regular,2026-09-05 22:00:00+00:00,False,True,2083,Bucknell,16.0,222,Villanova,17.0,fcs,fcs
401860878,2026,1,regular,2026-09-05 22:00:00+00:00,False,False,36,Colorado State,35.0,2751,Wyoming,13.0,fbs,fbs
401907847,2026,1,regular,2026-09-05 22:00:00+00:00,False,False,2233,Franklin,34.0,75,North Park,31.0,iii,iii
401906199,2026,1,regular,2026-09-05 22:00:00+00:00,False,False,2107,Catawba,38.0,2822,North Greenville,40.0,ii,ii
401867692,2026,1,regular,2026-09-05 22:00:00+00:00,False,False,2729,William & Mary,22.0,2169,Delaware State,15.0,fcs,fcs
401906178,2026,1,regular,2026-09-05 22:00:00+00:00,False,False,2842,UVA Wise,20.0,2804,Chowan,24.0,ii,ii
401866626,2026,1,regular,2026-09-05 22:00:00+00:00,False,False,2166,Davidson,0.0,2210,Elon,38.0,fcs,fcs
401868336,2026,1,regular,2026-09-05 22:00:00+00:00,False,True,236,Chattanooga,9.0,2635,Tennessee Tech,24.0,fcs,fcs
401907273,2026,1,regular,2026-09-05 22:00:00+00:00,False,False,129469,Anderson (SC),21.0,127230,Keiser (Fl),14.0,ii,
401867917,2026,1,regular,2026-09-05 22:00:00+00:00,False,False,2523,Robert Morris,29.0,2707,West Virginia State,9.0,fcs,ii
401868274,2026,1,regular,2026-09-05 22:00:00+00:00,False,False,2382,Mercer,62.0,2506,Presbyterian,3.0,fcs,fcs
401906632,2026,1,regular,2026-09-05 22:00:00+00:00,False,False,128,Northern Michigan,7.0,2838,Tiffin,35.0,ii,ii
401906152,2026,1,regular,2026-09-05 22:00:00+00:00,False,False,2220,Fayetteville State,10.0,2882,UNC Pembroke,7.0,ii,ii
401867973,2026,1,regular,2026-09-05 22:00:00+00:00,False,False,295,Old Dominion,31.0,2450,Norfolk State,10.0,fbs,fcs
401869127,2026,1,regular,2026-09-05 22:00:00+00:00,False,False,47,Howard,21.0,257,Richmond,28.0,fcs,fcs
401908304,2026,1,regular,2026-09-05 22:00:00+00:00,False,False,2256,Greensboro,48.0,2258,Guilford,7.0,iii,iii
401907703,2026,1,regular,2026-09-05 22:30:00+00:00,False,True,559,University of Mary,7.0,2364,Minnesota State,48.0,ii,ii
401868071,2026,1,regular,2026-09-05 23:00:00+00:00,False,True,2110,Central Arkansas,14.0,110242,West Florida,42.0,fcs,fcs
401908298,2026,1,regular,2026-09-05 23:00:00+00:00,False,False,2938,Huntingdon,20.0,2757,Berry,50.0,iii,iii
401906166,2026,1,regular,2026-09-05 23:00:00+00:00,False,False,122666,Barton,13.0,2551,Shaw,23.0,ii,ii
401868970,2026,1,regular,2026-09-05 23:00:00+00:00,False,False,2582,Southern,34.0,2310,Kentucky State,15.0,fcs,ii
401908325,2026,1,regular,2026-09-05 23:00:00+00:00,False,False,102549,Schreiner,33.0,2045,Austin,27.0,,iii
401868140,2026,1,regular,2026-09-05 23:00:00+00:00,False,False,55,Jacksonville State,49.0,2198,Eastern Kentucky,7.0,fbs,fcs
401868953,2026,1,regular,2026-09-05 23:00:00+00:00,False,False,2755,Grambling,48.0,2119,Central State,26.0,fcs,ii
401867684,2026,1,regular,2026-09-05 23:00:00+00:00,False,False,2630,UT Martin,42.0,2130,Chicago State,7.0,fcs,fcs
401908272,2026,1,regular,2026-09-05 23:00:00+00:00,False,False,86,Rose Hulman,23.0,83,DePauw,31.0,iii,iii
401862699,2026,1,regular,2026-09-05 23:00:00+00:00,False,False,58,South Florida,19.0,2229,Florida International,9.0,fbs,fbs
401907956,2026,1,regular,2026-09-05 23:00:00+00:00,False,False,49,Dubuque,20.0,2744,Wisconsin Stout,34.0,iii,iii
401856669,2026,1,regular,2026-09-05 23:00:00+00:00,False,False,238,Vanderbilt,28.0,2046,Austin Peay,9.0,fbs,fcs
401856770,2026,1,regular,2026-09-05 23:00:00+00:00,False,False,2641,Texas Tech,33.0,2000,Abilene Christian,10.0,fbs,fcs
401860880,2026,1,regular,2026-09-05 23:00:00+00:00,False,False,328,Utah State,17.0,304,Idaho State,29.0,fbs,fcs
401907977,2026,1,regular,2026-09-05 23:00:00+00:00,False,False,2743,Wisconsin Stevens Point,17.0,124,Augsburg,12.0,iii,iii
401856668,2026,1,regular,2026-09-05 23:00:00+00:00,False,False,245,Texas A&M,50.0,2623,Missouri State,0.0,fbs,fbs
401906589,2026,1,regular,2026-09-05 23:00:00+00:00,False,False,2402,Missouri S&T,7.0,196,Northeastern State,27.0,ii,ii
401907456,2026,1,regular,2026-09-05 23:00:00+00:00,False,False,2444,Newberry,38.0,2890,Reinhardt,3.0,ii,
401862697,2026,1,regular,2026-09-05 23:00:00+00:00,False,False,242,Rice,31.0,2277,Houston Christian,3.0,fbs,fcs
401868958,2026,1,regular,2026-09-05 23:00:00+00:00,False,False,2296,Jackson State,66.0,2206,Edward Waters,14.0,fcs,ii
401862695,2026,1,regular,2026-09-05 23:00:00+00:00,False,False,235,Memphis,42.0,2032,Arkansas State,24.0,fbs,fbs
401908781,2026,1,regular,2026-09-05 23:00:00+00:00,False,False,101,Eureka,0.0,255,Knox,16.0,iii,iii
401907779,2026,1,regular,2026-09-05 23:00:00+00:00,False,False,2042,Augustana (IL),42.0,2564,Simpson (IA),14.0,iii,iii
401868170,2026,1,regular,2026-09-05 23:00:00+00:00,False,False,290,Georgia Southern,31.0,2127,Charleston Southern,0.0,fbs,fcs
401868297,2026,1,regular,2026-09-05 23:00:00+00:00,False,False,2010,Alabama A&M,38.0,2396,Miles,23.0,fcs,ii
401869136,2026,1,regular,2026-09-05 23:00:00+00:00,False,False,2377,McNeese,52.0,102626,Texas Wesleyan,0.0,fcs,
401868316,2026,1,regular,2026-09-05 23:00:00+00:00,False,False,6,South Alabama,39.0,2545,SE Louisiana,14.0,fbs,fcs
401867866,2026,1,regular,2026-09-05 23:00:00+00:00,False,False,2393,Middle Tennessee,38.0,93,Murray State,14.0,fbs,fcs
401908267,2026,1,regular,2026-09-05 23:00:00+00:00,False,False,2419,Mount St Joseph,34.0,332,Muskingum,0.0,iii,iii
401908426,2026,1,regular,2026-09-05 23:00:00+00:00,False,False,2588,Southwestern U,26.0,241,McMurry,36.0,iii,iii
401908933,2026,1,regular,2026-09-05 23:00:00+00:00,False,False,3112,Christopher Newport,43.0,3111,Apprentice School,14.0,iii,iii
401870763,2026,1,regular,2026-09-05 23:00:00+00:00,False,False,2653,Troy,24.0,2534,Sam Houston,21.0,fbs,fbs
401856771,2026,1,regular,2026-09-05 23:00:00+00:00,False,False,2306,Kansas State,71.0,2447,Nicholls,3.0,fbs,fcs
401868085,2026,1,regular,2026-09-05 23:00:00+00:00,False,False,331,Eastern Washington,34.0,2460,Northern Iowa,24.0,fcs,fcs
401906605,2026,1,regular,2026-09-05 23:00:00+00:00,False,False,2170,Delta State,13.0,351,Wingate,36.0,ii,ii
401908111,2026,1,regular,2026-09-05 23:30:00+00:00,False,False,548,LaGrange,31.0,3179,Point University,7.0,iii,
401856660,2026,1,regular,2026-09-05 23:30:00+00:00,False,False,99,LSU,51.0,228,Clemson,10.0,fbs,fbs
401908008,2026,1,regular,2026-09-05 23:30:00+00:00,False,False,272,Wisconsin Platteville,44.0,2044,Aurora,7.0,iii,iii
401869129,2026,1,regular,2026-09-05 23:30:00+00:00,False,False,2348,Louisiana Tech,80.0,2466,Northwestern State,6.0,fbs,fcs
401906929,2026,1,regular,2026-09-05 23:30:00+00:00,False,False,2825,Quincy,28.0,127991,Roosevelt,41.0,ii,ii
401856662,2026,1,regular,2026-09-05 23:30:00+00:00,False,False,344,Mississippi State,62.0,2433,UL Monroe,13.0,fbs,fbs
401858211,2026,1,regular,2026-09-05 23:30:00+00:00,False,False,259,Virginia Tech,73.0,2678,VMI,3.0,fbs,fcs
401908231,2026,1,regular,2026-09-05 23:30:00+00:00,False,False,2262,Hanover,17.0,2121,Centre,0.0,iii,iii
401858428,2026,1,regular,2026-09-05 23:30:00+00:00,False,False,130,Michigan,13.0,2711,Western Michigan,12.0,fbs,fbs
401856637,2026,1,regular,2026-09-05 23:45:00+00:00,False,False,57,Florida,66.0,2226,Florida Atlantic,21.0,fbs,fbs
401908475,2026,1,regular,2026-09-06 00:00:00+00:00,False,False,18,Bridgewater State,63.0,40,Curry,35.0,iii,iii
401868158,2026,1,regular,2026-09-06 00:00:00+00:00,False,True,253,Southern Utah,47.0,2692,Weber State,42.0,fcs,fcs
401869142,2026,1,regular,2026-09-06 00:00:00+00:00,False,False,309,Louisiana,38.0,2320,Lamar,7.0,fbs,fcs
401908241,2026,1,regular,2026-09-06 00:00:00+00:00,False,False,263,Loras,31.0,133,St. Olaf,16.0,iii,iii
401907100,2026,1,regular,2026-09-06 00:00:00+00:00,False,False,2834,Sul Ross State,53.0,2001,Adams State,26.0,ii,ii
401858431,2026,1,regular,2026-09-06 00:00:00+00:00,False,False,77,Northwestern,34.0,2571,South Dakota State,18.0,fbs,fcs
401856775,2026,1,regular,2026-09-06 00:00:00+00:00,False,False,252,BYU,63.0,3101,Utah Tech,7.0,fbs,fcs
401867845,2026,1,regular,2026-09-06 00:00:00+00:00,False,False,2710,Western Illinois,10.0,2287,Illinois State,41.0,fcs,fcs
401868306,2026,1,regular,2026-09-06 00:00:00+00:00,False,True,2617,Stephen F. Austin,44.0,2837,East Texas A&M,7.0,fcs,fcs
401907151,2026,1,regular,2026-09-06 00:00:00+00:00,False,False,2237,Fort Lewis,27.0,108358,Phoenix,9.0,ii,
401907247,2026,1,regular,2026-09-06 00:00:00+00:00,False,False,2403,Missouri Southern State,21.0,389,Upper Iowa,19.0,ii,ii
401858427,2026,1,regular,2026-09-06 00:00:00+00:00,False,False,120,Maryland,62.0,2261,Hampton,0.0,fbs,fcs
401906168,2026,1,regular,2026-09-06 00:00:00+00:00,False,False,2736,Winston-Salem State,0.0,2369,Mars Hill,17.0,ii,ii
401908254,2026,1,regular,2026-09-06 00:00:00+00:00,False,False,2919,Monmouth (IL),21.0,2685,Wartburg,36.0,iii,iii
401908467,2026,1,regular,2026-09-06 00:00:00+00:00,False,False,2850,Whittier,14.0,129758,Simpson (CA),56.0,iii,
401907357,2026,1,regular,2026-09-06 00:00:00+00:00,False,True,90,Pittsburg State,10.0,2214,Emporia State,21.0,ii,ii
401908454,2026,1,regular,2026-09-06 00:00:00+00:00,False,True,2318,La Verne,30.0,2049,Azusa Pacific,3.0,iii,iii
401908433,2026,1,regular,2026-09-06 00:00:00+00:00,False,False,386,Trinity (TX),36.0,2639,Texas Lutheran,14.0,iii,iii
401868074,2026,1,regular,2026-09-06 00:00:00+00:00,False,False,13,Cal Poly,24.0,2120,Central Washington,17.0,fcs,ii
401907465,2026,1,regular,2026-09-06 00:00:00+00:00,False,False,2519,Rhodes,0.0,143,Washington St. Louis,73.0,iii,iii
401867883,2026,1,regular,2026-09-06 00:00:00+00:00,False,False,2458,Northern Colorado,23.0,233,South Dakota,38.0,fcs,fcs
401868119,2026,1,regular,2026-09-06 00:30:00+00:00,False,False,147,Montana State,51.0,2086,Butler,24.0,fcs,fcs
401870790,2026,1,regular,2026-09-06 01:00:00+00:00,False,False,166,New Mexico State,51.0,2385,Mercyhurst,14.0,fbs,fcs
401860879,2026,1,regular,2026-09-06 01:30:00+00:00,False,False,21,San Diego State,53.0,2502,Portland State,20.0,fbs,fcs
401856773,2026,1,regular,2026-09-06 01:30:00+00:00,False,False,12,Arizona,35.0,2464,Northern Arizona,7.0,fbs,fcs
401856774,2026,1,regular,2026-09-06 02:00:00+00:00,False,False,9,Arizona State,70.0,2415,Morgan State,7.0,fbs,fcs
401868163,2026,1,regular,2026-09-06 02:00:00+00:00,False,False,301,San Diego,17.0,302,UC Davis,49.0,fcs,fcs
401866411,2026,1,regular,2026-09-06 02:00:00+00:00,False,False,16,Sacramento State,52.0,2400,Mississippi Valley State,0.0,fbs,fcs
401864497,2026,1,regular,2026-09-06 02:00:00+00:00,False,True,62,Hawai'i,6.0,2439,UNLV,21.0,fbs,fbs
401864498,2026,1,regular,2026-09-06 02:00:00+00:00,False,False,167,New Mexico,38.0,2117,Central Michigan,7.0,fbs,fbs
401908393,2026,1,regular,2026-09-06 02:05:00+00:00,False,False,415,George Fox,27.0,29,Redlands,0.0,iii,iii
401858210,2026,1,regular,2026-09-06 02:30:00+00:00,False,False,25,California,24.0,26,UCLA,45.0,fbs,fbs
401864432,2026,1,regular,2026-09-06 02:30:00+00:00,False,False,2440,Nevada,49.0,98,Western Kentucky,14.0,fbs,fbs
401917058,2026,1,regular,2026-09-06 15:00:00+00:00,False,False,2097,Campbell,28.0,2717,Western Carolina,19.0,fcs,fcs
401868967,2026,1,regular,2026-09-06 16:00:00+00:00,False,True,2504,Prairie View A&M,52.0,2640,Texas Southern,14.0,fcs,fcs
401867939,2026,1,regular,2026-09-06 19:00:00+00:00,True,False,50,Florida A&M,13.0,2569,South Carolina State,31.0,fcs,fcs
401858437,2026,1,regular,2026-09-06 20:00:00+00:00,False,False,264,Washington,24.0,265,Washington State,10.0,fbs,fbs
401906158,2026,1,regular,2026-09-06 20:00:00+00:00,True,False,2304,Johnson C. Smith,27.0,2013,Albany State,7.0,ii,ii
401856661,2026,1,regular,2026-09-06 23:30:00+00:00,True,False,145,Ole Miss,41.0,97,Louisville,38.0,fbs,fbs
401858438,2026,1,regular,2026-09-06 23:30:00+00:00,True,False,87,Notre Dame,41.0,275,Wisconsin,13.0,fbs,fbs
401858212,2026,1,regular,2026-09-07 23:30:00+00:00,False,True,52,Florida State,24.0,2567,SMU,27.0,fbs,fbs
401909126,2026,2,regular,2026-09-10 23:00:00+00:00,False,True,2171,Denison,50.0,391,Oberlin,0.0,iii,iii
401906516,2026,2,regular,2026-09-10 23:00:00+00:00,False,True,2823,Northwestern (OK),29.0,2033,Arkansas Tech,34.0,ii,ii
401907622,2026,2,regular,2026-09-10 23:00:00+00:00,False,False,455,West Virginia Wesleyan,14.0,2559,Shippensburg,24.0,ii,ii
401858213,2026,2,regular,2026-09-11 00:00:00+00:00,False,False,2390,Miami,77.0,50,Florida A&M,7.0,fbs,fcs
401906527,2026,2,regular,2026-09-11 00:00:00+00:00,False,True,2191,East Central,42.0,2028,Arkansas Monticello,37.0,ii,ii
401906546,2026,2,regular,2026-09-11 00:00:00+00:00,False,True,2927,Southwestern Oklahoma State,14.0,2264,Harding,37.0,ii,ii
401906200,2026,2,regular,2026-09-11 23:00:00+00:00,False,False,2822,North Greenville,42.0,2128,Charleston (WV),31.0,ii,ii
401908691,2026,2,regular,2026-09-11 23:00:00+00:00,False,False,2779,St. Lawrence,10.0,374,St. John Fisher,30.0,iii,iii
401858222,2026,2,regular,2026-09-11 23:00:00+00:00,False,False,152,NC State,73.0,257,Richmond,0.0,fbs,fcs
401858220,2026,2,regular,2026-09-11 23:00:00+00:00,False,False,258,Virginia,59.0,2450,Norfolk State,3.0,fbs,fcs
401858215,2026,2,regular,2026-09-11 23:00:00+00:00,False,False,97,Louisville,59.0,222,Villanova,13.0,fbs,fcs
401908202,2026,2,regular,2026-09-11 23:00:00+00:00,False,True,247,King's,21.0,471,Stevenson,26.0,iii,iii
401858214,2026,2,regular,2026-09-11 23:30:00+00:00,False,False,103,Boston College,28.0,164,Rutgers,21.0,fbs,fbs
401856678,2026,2,regular,2026-09-12 00:00:00+00:00,False,False,2305,Kansas,21.0,142,Missouri,38.0,fbs,fbs
401906153,2026,2,regular,2026-09-12 15:00:00+00:00,False,False,2220,Fayetteville State,9.0,2673,Valdosta State,38.0,ii,ii
401906167,2026,2,regular,2026-09-12 15:00:00+00:00,False,False,2551,Shaw,34.0,366,Ferrum,28.0,ii,ii
401906159,2026,2,regular,2026-09-12 15:00:00+00:00,False,True,2736,Winston-Salem State,6.0,2304,Johnson C. Smith,31.0,ii,ii
401907851,2026,2,regular,2026-09-12 16:00:00+00:00,False,False,2790,Albion,3.0,396,Wheaton (IL),45.0,iii,iii
401907559,2026,2,regular,2026-09-12 16:00:00+00:00,False,False,2487,Pace,59.0,134001,Monroe,3.0,ii,
401856683,2026,2,regular,2026-09-12 16:00:00+00:00,False,False,245,Texas A&M,48.0,9,Arizona State,20.0,fbs,fbs
401858218,2026,2,regular,2026-09-12 16:00:00+00:00,False,False,153,North Carolina,35.0,2193,East Tennessee State,3.0,fbs,fcs
401858439,2026,2,regular,2026-09-12 16:00:00+00:00,False,False,84,Indiana,55.0,47,Howard,0.0,fbs,fcs
401858442,2026,2,regular,2026-09-12 16:00:00+00:00,False,False,218,Temple,9.0,213,Penn State,27.0,fbs,fbs
401867929,2026,2,regular,2026-09-12 16:00:00+00:00,False,False,256,James Madison,87.0,2681,Wagner,3.0,fbs,fcs
401856781,2026,2,regular,2026-09-12 16:00:00+00:00,False,False,2306,Kansas State,34.0,265,Washington State,7.0,fbs,fbs
401908163,2026,2,regular,2026-09-12 16:00:00+00:00,False,True,2221,FDU Florham,17.0,2015,Albright,30.0,iii,iii
401907527,2026,2,regular,2026-09-12 16:00:00+00:00,False,True,2315,Kutztown,45.0,2134,Clarion,14.0,ii,ii
401907485,2026,2,regular,2026-09-12 16:00:00+00:00,False,False,341,Frostburg State,24.0,2038,Assumption,19.0,ii,ii
401908787,2026,2,regular,2026-09-12 16:00:00+00:00,False,False,297,Hampden Sydney,31.0,2919,Monmouth (IL),19.0,iii,iii
401908925,2026,2,regular,2026-09-12 16:00:00+00:00,False,False,2467,Norwich,17.0,293,Vermont State Castleton,10.0,iii,iii
401908019,2026,2,regular,2026-09-12 16:00:00+00:00,False,False,2800,Alma,21.0,271,Wisconsin Oshkosh,23.0,iii,iii
401907014,2026,2,regular,2026-09-12 16:00:00+00:00,False,False,110254,Davenport,19.0,2292,Indianapolis,12.0,ii,ii
401856782,2026,2,regular,2026-09-12 16:00:00+00:00,False,False,197,Oklahoma State,39.0,2483,Oregon,31.0,fbs,fbs
401908699,2026,2,regular,2026-09-12 16:00:00+00:00,False,False,323,Moravian,0.0,2827,Rowan,34.0,iii,iii
401866416,2026,2,regular,2026-09-12 16:00:00+00:00,False,False,2309,Kent State,36.0,2747,Wofford,15.0,fbs,fcs
401908586,2026,2,regular,2026-09-12 16:00:00+00:00,False,True,110,Mass Maritime,70.0,110438,Dean,0.0,iii,iii
401908579,2026,2,regular,2026-09-12 16:00:00+00:00,False,True,2909,Westfield State,28.0,18,Bridgewater State,34.0,iii,iii
401907553,2026,2,regular,2026-09-12 16:00:00+00:00,False,True,2974,Shepherd,45.0,367,Gannon,28.0,ii,ii
401908577,2026,2,regular,2026-09-12 16:00:00+00:00,False,False,2280,Husson,0.0,81,Springfield,48.0,iii,iii
401908531,2026,2,regular,2026-09-12 16:00:00+00:00,False,False,2749,WPI,22.0,111675,New England,21.0,iii,iii
401906676,2026,2,regular,2026-09-12 16:00:00+00:00,False,False,2886,Northwood,35.0,129,Saginaw Valley State,28.0,ii,ii
401908365,2026,2,regular,2026-09-12 16:00:00+00:00,False,False,2422,Muhlenberg,21.0,452,Endicott,49.0,iii,iii
401906861,2026,2,regular,2026-09-12 16:00:00+00:00,False,False,2224,Findlay,37.0,2986,Fairmont State,17.0,ii,ii
401907656,2026,2,regular,2026-09-12 16:00:00+00:00,False,False,2108,Catholic,35.0,2102,Carnegie Mellon,38.0,iii,iii
401908368,2026,2,regular,2026-09-12 16:00:00+00:00,False,False,2845,Waynesburg,10.0,2667,Ursinus,46.0,iii,iii
401862702,2026,2,regular,2026-09-12 16:00:00+00:00,False,True,349,Army,24.0,58,South Florida,28.0,fbs,fbs
401908092,2026,2,regular,2026-09-12 16:00:00+00:00,False,False,2528,Rensselaer,14.0,390,Utica,38.0,iii,iii
401907746,2026,2,regular,2026-09-12 16:00:00+00:00,False,False,184,Rochester (NY),21.0,3110,SUNY Morrisville,10.0,iii,iii
401906845,2026,2,regular,2026-09-12 16:00:00+00:00,False,False,2273,Hillsdale,49.0,131,Wayne State (MI),0.0,ii,ii
401908569,2026,2,regular,2026-09-12 16:00:00+00:00,False,True,114,Fitchburg State,22.0,379,UMass Dartmouth,56.0,iii,iii
401908538,2026,2,regular,2026-09-12 16:00:00+00:00,False,False,2383,Merchant Marine,63.0,2884,Nichols,14.0,iii,iii
401908703,2026,2,regular,2026-09-12 16:00:00+00:00,False,False,2079,Bridgewater,14.0,216,Susquehanna,41.0,iii,iii
401868187,2026,2,regular,2026-09-12 16:00:00+00:00,False,False,2335,Liberty,24.0,2241,Gardner-Webb,23.0,fbs,fcs
401864571,2026,2,regular,2026-09-12 16:00:00+00:00,False,False,151,East Carolina,24.0,2026,App State,27.0,fbs,fbs
401907517,2026,2,regular,2026-09-12 16:00:00+00:00,False,True,210,Millersville,17.0,2858,California (PA),40.0,ii,ii
401856679,2026,2,regular,2026-09-12 16:00:00+00:00,False,False,130,Michigan,17.0,201,Oklahoma,10.0,fbs,fbs
401866633,2026,2,regular,2026-09-12 16:00:00+00:00,False,False,2428,North Carolina Central,30.0,2448,North Carolina A&T,22.0,fcs,fcs
401908207,2026,2,regular,2026-09-12 16:00:00+00:00,False,False,2023,Anderson (IN),49.0,417,Gallaudet,28.0,iii,iii
401858224,2026,2,regular,2026-09-12 16:00:00+00:00,False,False,2509,Purdue,36.0,154,Wake Forest,38.0,fbs,fbs
401907880,2026,2,regular,2026-09-12 16:00:00+00:00,False,False,237,Union,0.0,2782,SUNY Cortland,26.0,iii,iii
401907967,2026,2,regular,2026-09-12 16:00:00+00:00,False,False,173,Hartwick,47.0,2085,Buffalo State,13.0,iii,iii
401908558,2026,2,regular,2026-09-12 16:00:00+00:00,False,False,109,MIT,70.0,131108,New England College,0.0,iii,
401908354,2026,2,regular,2026-09-12 16:00:00+00:00,False,False,2516,Randolph Macon,28.0,118,Johns Hopkins,21.0,iii,iii
401908476,2026,2,regular,2026-09-12 16:00:00+00:00,False,False,40,Curry,41.0,2557,Coast Guard,35.0,iii,iii
401866628,2026,2,regular,2026-09-12 16:00:00+00:00,False,True,227,Rhode Island,31.0,2210,Elon,10.0,fcs,fcs
401866632,2026,2,regular,2026-09-12 16:00:00+00:00,False,False,2341,Long Island University,13.0,399,UAlbany,35.0,fcs,fcs
401870822,2026,2,regular,2026-09-12 16:00:00+00:00,False,False,2166,Davidson,28.0,2175,Dickinson,14.0,fcs,iii
401858221,2026,2,regular,2026-09-12 16:00:00+00:00,False,False,259,Virginia Tech,44.0,295,Old Dominion,21.0,fbs,fbs
401868227,2026,2,regular,2026-09-12 16:00:00+00:00,False,False,2168,Dayton,30.0,2646,Thomas More,7.0,fcs,ii
401868028,2026,2,regular,2026-09-12 16:30:00+00:00,False,False,322,Lafayette,13.0,2368,Marist,9.0,fcs,fcs
401856673,2026,2,regular,2026-09-12 16:45:00+00:00,False,False,61,Georgia,70.0,98,Western Kentucky,20.0,fbs,fbs
401906147,2026,2,regular,2026-09-12 17:00:00+00:00,False,False,2804,Chowan,19.0,2676,Virginia Union,34.0,ii,ii
401856791,2026,2,regular,2026-09-12 17:00:00+00:00,False,False,277,West Virginia,52.0,2630,UT Martin,7.0,fbs,fcs
401906598,2026,2,regular,2026-09-12 17:00:00+00:00,False,False,2695,West Alabama,24.0,90,Pittsburg State,23.0,ii,ii
401908638,2026,2,regular,2026-09-12 17:00:00+00:00,False,False,2018,Allegheny,27.0,246,Juniata,0.0,iii,iii
401908077,2026,2,regular,2026-09-12 17:00:00+00:00,False,False,286,North Carolina Wesleyan,42.0,3111,Apprentice School,0.0,iii,iii
401908645,2026,2,regular,2026-09-12 17:00:00+00:00,False,False,2354,Lycoming,28.0,2818,Montclair State,30.0,iii,iii
401907413,2026,2,regular,2026-09-12 17:00:00+00:00,False,True,2105,Carson Newman,24.0,351,Wingate,23.0,ii,ii
401908676,2026,2,regular,2026-09-12 17:00:00+00:00,False,True,2980,Ohio Wesleyan,7.0,2302,John Carroll,44.0,iii,iii
401907625,2026,2,regular,2026-09-12 17:00:00+00:00,False,True,132714,Lackawanna,10.0,611,Seton Hill,20.0,,ii
401907978,2026,2,regular,2026-09-12 17:00:00+00:00,False,False,2812,Hope,38.0,2743,Wisconsin Stevens Point,10.0,iii,iii
401907578,2026,2,regular,2026-09-12 17:00:00+00:00,False,False,126086,Post,14.0,2699,West Liberty,35.0,ii,ii
401908610,2026,2,regular,2026-09-12 17:00:00+00:00,False,False,2843,Western Connecticut State,7.0,3112,Christopher Newport,37.0,iii,iii
401906194,2026,2,regular,2026-09-12 17:00:00+00:00,False,True,2560,Shorter,24.0,2882,UNC Pembroke,31.0,ii,ii
401907404,2026,2,regular,2026-09-12 17:00:00+00:00,False,True,2369,Mars Hill,22.0,2107,Catawba,16.0,ii,ii
401907704,2026,2,regular,2026-09-12 17:00:00+00:00,False,True,3066,Concordia St. Paul,10.0,559,University of Mary,13.0,ii,ii
401908739,2026,2,regular,2026-09-12 17:00:00+00:00,False,False,129738,Calvin,49.0,2832,St. Norbert,7.0,iii,iii
401908651,2026,2,regular,2026-09-12 17:00:00+00:00,False,False,2644,Thiel,7.0,2003,Adrian,48.0,iii,iii
401908102,2026,2,regular,2026-09-12 17:00:00+00:00,False,False,2373,Maryville (TN),26.0,2262,Hanover,43.0,iii,iii
401908182,2026,2,regular,2026-09-12 17:00:00+00:00,False,True,388,Lebanon Valley,17.0,2808,Delaware Valley,18.0,iii,iii
401907421,2026,2,regular,2026-09-12 17:00:00+00:00,False,True,2213,Emory & Henry,26.0,2839,Tusculum,28.0,ii,ii
401908518,2026,2,regular,2026-09-12 17:00:00+00:00,False,False,2702,Western New England,21.0,2776,Salve Regina,24.0,iii,iii
401866415,2026,2,regular,2026-09-12 17:00:00+00:00,False,False,2117,Central Michigan,13.0,2142,Colgate,10.0,fbs,fcs
401907872,2026,2,regular,2026-09-12 17:00:00+00:00,False,False,174,Hobart,27.0,2781,Brockport,14.0,iii,iii
401908172,2026,2,regular,2026-09-12 17:00:00+00:00,False,True,2725,Widener,14.0,111674,Alvernia,10.0,iii,iii
401906590,2026,2,regular,2026-09-12 17:00:00+00:00,False,False,2654,Truman State,24.0,196,Northeastern State,31.0,ii,ii
401866417,2026,2,regular,2026-09-12 17:00:00+00:00,False,False,193,Miami (OH),45.0,107,Holy Cross,7.0,fbs,fcs
401906611,2026,2,regular,2026-09-12 17:00:00+00:00,False,False,2686,Washington & Jefferson,42.0,122774,Keystone,0.0,iii,iii
401906950,2026,2,regular,2026-09-12 17:00:00+00:00,False,True,60,Morehouse,21.0,2119,Central State,49.0,ii,ii
401907848,2026,2,regular,2026-09-12 17:00:00+00:00,False,False,354,Olivet,43.0,75,North Park,41.0,iii,iii
401909137,2026,2,regular,2026-09-12 17:00:00+00:00,False,True,352,Kenyon,19.0,2748,Wooster,26.0,iii,iii
401873404,2026,2,regular,2026-09-12 17:00:00+00:00,False,False,2871,Kean,51.0,2951,SUNY Maritime,17.0,iii,iii
401907759,2026,2,regular,2026-09-12 17:00:00+00:00,False,False,268,Lawrence,14.0,63,Buena Vista,26.0,iii,iii
401908190,2026,2,regular,2026-09-12 17:00:00+00:00,False,True,127954,Eastern,27.0,2969,Misericordia,21.0,iii,iii
401908966,2026,2,regular,2026-09-12 17:00:00+00:00,False,True,89,Wabash,31.0,2746,Wittenberg,0.0,iii,iii
401908712,2026,2,regular,2026-09-12 17:00:00+00:00,False,False,398,Wilkes,28.0,2442,The College of New Jersey,8.0,iii,iii
401908258,2026,2,regular,2026-09-12 17:00:00+00:00,False,False,2274,Hiram,20.0,2362,Manchester,11.0,iii,iii
401908273,2026,2,regular,2026-09-12 17:00:00+00:00,False,False,126,Kalamazoo,7.0,86,Rose Hulman,27.0,iii,iii
401908339,2026,2,regular,2026-09-12 17:00:00+00:00,False,False,2849,Westminster (PA),8.0,2234,Franklin & Marshall,45.0,iii,iii
401908360,2026,2,regular,2026-09-12 17:00:00+00:00,False,False,2532,Salisbury,31.0,2700,McDaniel,0.0,iii,iii
401908377,2026,2,regular,2026-09-12 17:00:00+00:00,False,False,2913,Brevard,39.0,2553,Sewanee,14.0,iii,iii
401867685,2026,2,regular,2026-09-12 17:00:00+00:00,False,False,2130,Chicago State,78.0,3077,Kentucky Christian,7.0,fcs,
401908492,2026,2,regular,2026-09-12 17:30:00+00:00,False,False,188,Baldwin Wallace,84.0,2062,Bethany (WV),26.0,iii,iii
401867990,2026,2,regular,2026-09-12 17:30:00+00:00,False,False,2678,VMI,3.0,2083,Bucknell,14.0,fcs,fcs
401908836,2026,2,regular,2026-09-12 17:30:00+00:00,False,False,426,Mount Union,21.0,146,Grove City,17.0,iii,iii
401908663,2026,2,regular,2026-09-12 17:30:00+00:00,False,True,424,Capital,44.0,2733,Wilmington (OH),19.0,iii,iii
401906169,2026,2,regular,2026-09-12 18:00:00+00:00,False,False,122666,Barton,36.0,495,BLUEFIELD,21.0,ii,
401906995,2026,2,regular,2026-09-12 18:00:00+00:00,False,False,2214,Emporia State,34.0,2392,Michigan Tech,20.0,ii,ii
401907839,2026,2,regular,2026-09-12 18:00:00+00:00,False,False,74,Millikin,37.0,67,Luther,14.0,iii,iii
401907844,2026,2,regular,2026-09-12 18:00:00+00:00,False,False,2685,Wartburg,20.0,3071,North Central College,26.0,iii,iii
401908500,2026,2,regular,2026-09-12 18:00:00+00:00,False,False,2257,Greenville,20.0,6353,Lakeland,41.0,iii,iii
401908401,2026,2,regular,2026-09-12 18:00:00+00:00,False,False,2045,Austin,23.0,2519,Rhodes,17.0,iii,iii
401907466,2026,2,regular,2026-09-12 18:00:00+00:00,False,True,143,Washington St. Louis,37.0,83,DePauw,27.0,iii,iii
401907996,2026,2,regular,2026-09-12 18:00:00+00:00,False,False,2141,Coe,6.0,2723,Wisconsin River Falls,38.0,iii,iii
401908724,2026,2,regular,2026-09-12 18:00:00+00:00,False,True,2155,Cornell (IA),10.0,266,Beloit,0.0,iii,iii
401907887,2026,2,regular,2026-09-12 18:00:00+00:00,False,False,2745,Wisconsin Whitewater,49.0,2615,Saint Xavier,14.0,iii,
401907692,2026,2,regular,2026-09-12 18:00:00+00:00,False,True,2851,Winona State,28.0,2939,Jamestown,0.0,ii,ii
401907780,2026,2,regular,2026-09-12 18:00:00+00:00,False,False,2744,Wisconsin Stout,37.0,2042,Augustana (IL),34.0,iii,iii
401907728,2026,2,regular,2026-09-12 18:00:00+00:00,False,True,2844,Wayne State (NE),13.0,134,Minnesota Duluth,20.0,ii,ii
401907790,2026,2,regular,2026-09-12 18:00:00+00:00,False,False,32,Carroll (WI),17.0,2738,Wisconsin Eau Claire,34.0,iii,iii
401908772,2026,2,regular,2026-09-12 18:00:00+00:00,False,False,2151,Concordia Chicago,42.0,65,Grinnell,7.0,iii,iii
401908782,2026,2,regular,2026-09-12 18:00:00+00:00,False,True,255,Knox,12.0,262,Lake Forest,68.0,iii,iii
401907494,2026,2,regular,2026-09-12 18:00:00+00:00,False,True,2071,Bloomsburg,6.0,2205,Edinboro,9.0,ii,ii
401907678,2026,2,regular,2026-09-12 18:00:00+00:00,False,True,2894,Sioux Falls,29.0,2817,Minnesota St Moorhead,28.0,ii,ii
401867895,2026,2,regular,2026-09-12 18:00:00+00:00,False,False,2754,Youngstown State,70.0,2184,Duquesne,13.0,fcs,fcs
401908040,2026,2,regular,2026-09-12 18:00:00+00:00,False,False,2740,Wisconsin La Crosse,20.0,2810,Hardin Simmons,28.0,iii,iii
401907833,2026,2,regular,2026-09-12 18:00:00+00:00,False,False,306,Illinois Wesleyan,45.0,2651,Trine,35.0,iii,iii
401908515,2026,2,regular,2026-09-12 18:00:00+00:00,False,False,561,Mayville State,37.0,2399,Minnesota Morris,13.0,,iii
401907274,2026,2,regular,2026-09-12 18:00:00+00:00,False,True,2842,UVA Wise,21.0,129469,Anderson (SC),39.0,ii,ii
401907685,2026,2,regular,2026-09-12 18:00:00+00:00,False,True,2043,Augustana (SD),38.0,568,Minot State,33.0,ii,ii
401873394,2026,2,regular,2026-09-12 18:00:00+00:00,False,False,2524,Rockford,14.0,72,Elmhurst,28.0,iii,iii
401868280,2026,2,regular,2026-09-12 18:00:00+00:00,False,False,2900,St. Thomas (MN),56.0,128,Northern Michigan,14.0,fcs,ii
401908790,2026,2,regular,2026-09-12 18:00:00+00:00,False,True,317,Marietta,13.0,427,Ohio Northern,20.0,iii,iii
401867884,2026,2,regular,2026-09-12 18:00:00+00:00,False,False,233,South Dakota,41.0,331,Eastern Washington,23.0,fcs,fcs
401868255,2026,2,regular,2026-09-12 18:00:00+00:00,False,False,2460,Northern Iowa,56.0,2181,Drake,14.0,fcs,fcs
401906930,2026,2,regular,2026-09-12 18:00:00+00:00,False,False,2586,Southwest Baptist,56.0,127991,Roosevelt,59.0,ii,ii
401908299,2026,2,regular,2026-09-12 18:00:00+00:00,False,False,418,Hendrix,20.0,2938,Huntingdon,26.0,iii,iii
401908268,2026,2,regular,2026-09-12 18:00:00+00:00,False,False,2044,Aurora,21.0,2419,Mount St Joseph,49.0,iii,iii
401908009,2026,2,regular,2026-09-12 18:00:00+00:00,False,False,272,Wisconsin Platteville,59.0,49,Dubuque,0.0,iii,iii
401908305,2026,2,regular,2026-09-12 18:00:00+00:00,False,False,131109,Roanoke College,28.0,2256,Greensboro,14.0,,iii
401868033,2026,2,regular,2026-09-12 18:00:00+00:00,False,True,2329,Lehigh,44.0,2729,William & Mary,20.0,fcs,fcs
401866413,2026,2,regular,2026-09-12 18:00:00+00:00,False,False,2050,Ball State,41.0,2619,Stony Brook,17.0,fbs,fcs
401907385,2026,2,regular,2026-09-12 18:30:00+00:00,False,True,138,Northwest Missouri State,31.0,2687,Washburn,24.0,ii,ii
401908603,2026,2,regular,2026-09-12 18:30:00+00:00,False,True,402,Worcester State,28.0,2972,Plymouth State,6.0,iii,iii
401908319,2026,2,regular,2026-09-12 19:00:00+00:00,False,False,2486,Pacific Lutheran,6.0,2371,Mary Hardin Baylor,29.0,iii,iii
401907131,2026,2,regular,2026-09-12 19:00:00+00:00,False,True,613,South Dakota Mines,24.0,11,Colorado Mesa,30.0,ii,ii
401907101,2026,2,regular,2026-09-12 19:00:00+00:00,False,True,2069,Black Hills State,44.0,2001,Adams State,8.0,ii,ii
401868112,2026,2,regular,2026-09-12 19:00:00+00:00,False,True,149,Montana,35.0,3101,Utah Tech,14.0,fcs,fcs
401867953,2026,2,regular,2026-09-12 19:00:00+00:00,False,False,2169,Delaware State,21.0,2075,Bowie State,6.0,fcs,ii
401908509,2026,2,regular,2026-09-12 19:00:00+00:00,False,False,409,Concordia (WI),48.0,446,Martin Luther,13.0,iii,iii
401906957,2026,2,regular,2026-09-12 19:00:00+00:00,False,True,2396,Miles,20.0,2206,Edward Waters,36.0,ii,ii
401858217,2026,2,regular,2026-09-12 19:30:00+00:00,False,False,356,Illinois,27.0,150,Duke,31.0,fbs,fbs
401866420,2026,2,regular,2026-09-12 19:30:00+00:00,False,False,113,Massachusetts,37.0,2529,Sacred Heart,10.0,fbs,fcs
401858440,2026,2,regular,2026-09-12 19:30:00+00:00,False,False,127,Michigan State,35.0,2199,Eastern Michigan,7.0,fbs,fbs
401859184,2026,2,regular,2026-09-12 19:30:00+00:00,False,False,87,Notre Dame,52.0,242,Rice,0.0,fbs,fbs
401856677,2026,2,regular,2026-09-12 19:30:00+00:00,False,False,135,Minnesota,13.0,344,Mississippi State,38.0,fbs,fbs
401858216,2026,2,regular,2026-09-12 19:30:00+00:00,False,True,183,Syracuse,18.0,25,California,21.0,fbs,fbs
401866419,2026,2,regular,2026-09-12 19:30:00+00:00,False,False,2649,Toledo,63.0,2115,Central Connecticut,10.0,fbs,fcs
401858446,2026,2,regular,2026-09-12 19:30:00+00:00,False,False,264,Washington,16.0,328,Utah State,14.0,fbs,fbs
401866412,2026,2,regular,2026-09-12 19:30:00+00:00,False,False,2006,Akron,45.0,2523,Robert Morris,10.0,fbs,fcs
401862708,2026,2,regular,2026-09-12 19:30:00+00:00,False,False,5,UAB,26.0,2433,UL Monroe,20.0,fbs,fbs
401856674,2026,2,regular,2026-09-12 19:30:00+00:00,False,True,96,Kentucky,17.0,333,Alabama,45.0,fbs,fbs
401856790,2026,2,regular,2026-09-12 19:30:00+00:00,False,False,221,Pittsburgh,12.0,2116,UCF,7.0,fbs,fbs
401856785,2026,2,regular,2026-09-12 19:30:00+00:00,False,False,38,Colorado,52.0,2692,Weber State,21.0,fbs,fcs
401860884,2026,2,regular,2026-09-12 19:30:00+00:00,False,False,326,Texas State,26.0,2636,UTSA,31.0,fbs,fbs
401856810,2026,2,regular,2026-09-12 19:30:00+00:00,False,True,252,BYU,28.0,12,Arizona,17.0,fbs,fbs
401858444,2026,2,regular,2026-09-12 19:30:00+00:00,False,False,41,UConn,14.0,120,Maryland,38.0,fbs,fbs
401862705,2026,2,regular,2026-09-12 19:45:00+00:00,False,False,249,North Texas,44.0,2439,UNLV,6.0,fbs,fbs
401868285,2026,2,regular,2026-09-12 20:00:00+00:00,False,False,2065,Bethune-Cookman,43.0,56,Stetson,18.0,fcs,fcs
401858223,2026,2,regular,2026-09-12 20:00:00+00:00,False,False,2567,SMU,56.0,302,UC Davis,10.0,fbs,fcs
401907139,2026,2,regular,2026-09-12 20:00:00+00:00,False,True,2570,CSU Pueblo,45.0,2146,Colorado School of Mines,17.0,ii,ii
401865252,2026,2,regular,2026-09-12 20:00:00+00:00,False,False,167,New Mexico,70.0,2385,Mercyhurst,7.0,fbs,fcs
401909074,2026,2,regular,2026-09-12 20:00:00+00:00,False,False,2721,Whitworth,17.0,2202,Eastern Oregon,51.0,iii,
401864506,2026,2,regular,2026-09-12 20:00:00+00:00,False,False,2751,Wyoming,21.0,2458,Northern Colorado,13.0,fbs,fcs
401906186,2026,2,regular,2026-09-12 20:00:00+00:00,False,False,134000,Thomas,3.0,101784,Erskine,62.0,,ii
401868963,2026,2,regular,2026-09-12 20:00:00+00:00,True,False,2400,Mississippi Valley State,31.0,2339,Lincoln (PA),20.0,fcs,ii
401906683,2026,2,regular,2026-09-12 20:00:00+00:00,False,False,112335,Wheeling,7.0,437,Lake Erie,23.0,ii,ii
401907504,2026,2,regular,2026-09-12 20:00:00+00:00,False,True,2830,Saint Anselm,14.0,2060,Bentley,48.0,ii,ii
401868326,2026,2,regular,2026-09-12 20:00:00+00:00,False,False,2653,Troy,34.0,2011,Alabama State,17.0,fbs,fcs
401868093,2026,2,regular,2026-09-12 20:00:00+00:00,False,False,70,Idaho,17.0,2320,Lamar,23.0,fcs,fcs
401856684,2026,2,regular,2026-09-12 20:15:00+00:00,False,False,238,Vanderbilt,35.0,48,Delaware,26.0,fbs,fbs
401868123,2026,2,regular,2026-09-12 21:00:00+00:00,False,False,2464,Northern Arizona,38.0,2916,Incarnate Word,28.0,fcs,fcs
401868061,2026,2,regular,2026-09-12 21:00:00+00:00,False,False,2046,Austin Peay,63.0,2413,Morehead State,7.0,fcs,fcs
401906922,2026,2,regular,2026-09-12 21:00:00+00:00,False,True,2323,Lane College,7.0,2019,Allen,43.0,ii,ii
401866630,2026,2,regular,2026-09-12 21:00:00+00:00,False,False,311,Maine,14.0,2771,Merrimack,23.0,fcs,fcs
401908347,2026,2,regular,2026-09-12 21:00:00+00:00,False,False,2248,Gettysburg,23.0,2688,Washington and Lee,27.0,iii,iii
401856672,2026,2,regular,2026-09-12 21:30:00+00:00,False,False,57,Florida,52.0,2097,Campbell,3.0,fbs,fcs
401908050,2026,2,regular,2026-09-12 22:00:00+00:00,False,False,2896,Southern Virginia,34.0,2047,Averett,41.0,iii,iii
401868141,2026,2,regular,2026-09-12 22:00:00+00:00,False,False,2198,Eastern Kentucky,22.0,236,Chattanooga,17.0,fcs,fcs
401907853,2026,2,regular,2026-09-12 22:00:00+00:00,False,False,3162,Alfred State,57.0,125974,Hilbert,12.0,iii,iii
401908217,2026,2,regular,2026-09-12 22:00:00+00:00,False,False,2074,Bluffton,18.0,126146,Madonna,27.0,iii,
401906911,2026,2,regular,2026-09-12 22:00:00+00:00,False,True,2542,Savannah State,17.0,2013,Albany State,49.0,ii,ii
401907563,2026,2,regular,2026-09-12 22:00:00+00:00,False,True,223,West Chester,21.0,2291,IU Pennsylvania,27.0,ii,ii
401907251,2026,2,regular,2026-09-12 22:00:00+00:00,False,True,2805,Clark Atlanta,3.0,2310,Kentucky State,30.0,ii,ii
401866414,2026,2,regular,2026-09-12 22:00:00+00:00,False,False,2229,Florida International,33.0,2084,Buffalo,20.0,fbs,fbs
401868171,2026,2,regular,2026-09-12 22:00:00+00:00,False,False,2643,The Citadel,20.0,2127,Charleston Southern,26.0,fcs,fcs
401866629,2026,2,regular,2026-09-12 22:00:00+00:00,False,True,2261,Hampton,3.0,2803,Bryant,31.0,fcs,fcs
401908112,2026,2,regular,2026-09-12 22:00:00+00:00,False,False,2757,Berry,20.0,548,LaGrange,17.0,iii,iii
401908528,2026,2,regular,2026-09-12 22:00:00+00:00,False,False,101,Eureka,0.0,433,Westminster (MO),41.0,iii,iii
401867966,2026,2,regular,2026-09-12 22:00:00+00:00,False,False,2415,Morgan State,55.0,2355,Virginia Lynchburg,0.0,fcs,
401906050,2026,2,regular,2026-09-12 22:00:00+00:00,False,True,124180,Bluefield State,30.0,2940,Livingstone,44.0,ii,ii
401868210,2026,2,regular,2026-09-12 22:00:00+00:00,False,False,2086,Butler,52.0,2233,Franklin,0.0,fcs,iii
401867983,2026,2,regular,2026-09-12 22:00:00+00:00,False,False,2569,South Carolina State,66.0,330,Virginia State,0.0,fcs,ii
401866631,2026,2,regular,2026-09-12 22:00:00+00:00,False,False,160,New Hampshire,42.0,284,Stonehill,35.0,fcs,fcs
401860881,2026,2,regular,2026-09-12 22:00:00+00:00,False,False,68,Boise State,38.0,235,Memphis,20.0,fbs,fbs
401868374,2026,2,regular,2026-09-12 22:00:00+00:00,False,True,2382,Mercer,13.0,231,Furman,20.0,fcs,fcs
401907863,2026,2,regular,2026-09-12 22:00:00+00:00,False,False,175,Ithaca,27.0,365,Alfred,3.0,iii,iii
401907698,2026,2,regular,2026-09-12 22:00:00+00:00,False,True,2587,Southwest Minnesota State,3.0,425,Northern State,30.0,ii,ii
401866418,2026,2,regular,2026-09-12 22:00:00+00:00,False,False,195,Ohio,29.0,55,Jacksonville State,27.0,fbs,fbs
401868102,2026,2,regular,2026-09-12 22:00:00+00:00,False,False,304,Idaho State,59.0,301,San Diego,17.0,fcs,fcs
401866421,2026,2,regular,2026-09-12 22:30:00+00:00,False,False,2711,Western Michigan,49.0,2405,Monmouth,14.0,fbs,fcs
401907538,2026,2,regular,2026-09-12 22:35:00+00:00,False,True,2188,East Stroudsburg,35.0,215,Slippery Rock,59.0,ii,ii
401908276,2026,2,regular,2026-09-12 23:00:00+00:00,False,False,2056,Belhaven,45.0,2194,East Texas Baptist,44.0,iii,iii
401907315,2026,2,regular,2026-09-12 23:00:00+00:00,False,True,110243,UT Permian Basin,69.0,2703,Western New Mexico,14.0,ii,ii
401906579,2026,2,regular,2026-09-12 23:00:00+00:00,False,True,2568,Southern Arkansas,27.0,200,Southern Nazarene,21.0,ii,ii
401906554,2026,2,regular,2026-09-12 23:00:00+00:00,False,True,2271,Henderson State,66.0,319,Oklahoma Baptist,9.0,ii,ii
401908095,2026,2,regular,2026-09-12 23:00:00+00:00,False,False,2258,Guilford,20.0,291,Methodist,17.0,iii,iii
401864503,2026,2,regular,2026-09-12 23:00:00+00:00,False,False,2459,Northern Illinois,24.0,2287,Illinois State,28.0,fbs,fcs
401868072,2026,2,regular,2026-09-12 23:00:00+00:00,False,False,2110,Central Arkansas,59.0,2122,Central Oklahoma,20.0,fcs,ii
401908326,2026,2,regular,2026-09-12 23:00:00+00:00,False,False,2824,Oklahoma Panhandle,47.0,102549,Schreiner,29.0,,
401908670,2026,2,regular,2026-09-12 23:00:00+00:00,False,True,359,Otterbein,0.0,191,Heidelberg,38.0,iii,iii
401908248,2026,2,regular,2026-09-12 23:00:00+00:00,False,False,512,Dakota State University,52.0,6845,Nebraska Wesleyan,0.0,,iii
401908242,2026,2,regular,2026-09-12 23:00:00+00:00,False,False,2283,Benedictine (IL),28.0,263,Loras,25.0,iii,iii
401856786,2026,2,regular,2026-09-12 23:00:00+00:00,False,False,2132,Cincinnati,62.0,2717,Western Carolina,10.0,fbs,fcs
401856680,2026,2,regular,2026-09-12 23:00:00+00:00,False,False,2579,South Carolina,45.0,119,Towson,9.0,fbs,fcs
401871045,2026,2,regular,2026-09-12 23:00:00+00:00,False,False,276,Marshall,28.0,2393,Middle Tennessee,26.0,fbs,fbs
401871046,2026,2,regular,2026-09-12 23:00:00+00:00,False,False,2623,Missouri State,48.0,2815,Lindenwood,14.0,fbs,fcs
401868355,2026,2,regular,2026-09-12 23:00:00+00:00,True,True,2016,Alcorn State,53.0,2029,Arkansas-Pine Bluff,51.0,fcs,fcs
401869955,2026,2,regular,2026-09-12 23:00:00+00:00,False,False,338,Kennesaw State,17.0,2247,Georgia State,31.0,fbs,fbs
401908387,2026,2,regular,2026-09-12 23:00:00+00:00,False,False,101442,Centenary (LA),0.0,2398,Millsaps,57.0,iii,iii
401868236,2026,2,regular,2026-09-12 23:00:00+00:00,False,False,2377,McNeese,24.0,2627,Tarleton State,27.0,fcs,fcs
401907427,2026,2,regular,2026-09-12 23:00:00+00:00,False,True,2444,Newberry,14.0,2331,Lenoir Rhyne,21.0,ii,ii
401868241,2026,2,regular,2026-09-12 23:00:00+00:00,False,False,2032,Arkansas State,52.0,2698,West Georgia,7.0,fbs,fcs
401858441,2026,2,regular,2026-09-12 23:00:00+00:00,False,False,158,Nebraska,56.0,189,Bowling Green,7.0,fbs,fbs
401868150,2026,2,regular,2026-09-12 23:00:00+00:00,False,False,2545,SE Louisiana,30.0,2453,North Alabama,25.0,fcs,fcs
401907220,2026,2,regular,2026-09-12 23:00:00+00:00,False,False,2402,Missouri S&T,30.0,137,Missouri Western,42.0,ii,ii
401856681,2026,2,regular,2026-09-12 23:00:00+00:00,False,False,59,Georgia Tech,24.0,2633,Tennessee,45.0,fbs,fbs
401867867,2026,2,regular,2026-09-12 23:00:00+00:00,False,False,93,Murray State,27.0,2674,Valparaiso,18.0,fcs,fcs
401907635,2026,2,regular,2026-09-12 23:00:00+00:00,False,True,2364,Minnesota State,30.0,132,Bemidji State,13.0,ii,ii
401864575,2026,2,regular,2026-09-12 23:00:00+00:00,False,False,2655,Tulane,28.0,6,South Alabama,24.0,fbs,fbs
401908427,2026,2,regular,2026-09-12 23:00:00+00:00,False,False,2639,Texas Lutheran,19.0,2588,Southwestern U,10.0,iii,iii
401862707,2026,2,regular,2026-09-12 23:00:00+00:00,False,False,2534,Sam Houston,17.0,202,Tulsa,23.0,fbs,fbs
401856787,2026,2,regular,2026-09-12 23:00:00+00:00,False,False,248,Houston,77.0,2582,Southern,6.0,fbs,fcs
401909018,2026,2,regular,2026-09-12 23:00:00+00:00,False,False,2828,Shenandoah,48.0,2242,Geneva,14.0,iii,iii
401868195,2026,2,regular,2026-09-12 23:00:00+00:00,False,False,2010,Alabama A&M,30.0,2634,Tennessee State,3.0,fcs,fcs
401867890,2026,2,regular,2026-09-12 23:00:00+00:00,False,False,79,Southern Illinois,34.0,2546,Southeast Missouri State,20.0,fcs,fcs
401872616,2026,2,regular,2026-09-12 23:00:00+00:00,False,False,2571,South Dakota State,57.0,2441,New Haven,14.0,fcs,fcs
401869130,2026,2,regular,2026-09-12 23:00:00+00:00,False,True,2837,East Texas A&M,38.0,2466,Northwestern State,14.0,fcs,fcs
401869150,2026,2,regular,2026-09-12 23:00:00+00:00,False,False,2277,Houston Christian,88.0,124386,Arkansas Baptist,0.0,fcs,
401868386,2026,2,regular,2026-09-12 23:00:00+00:00,False,True,2635,Tennessee Tech,45.0,2535,Samford,19.0,fcs,fcs
401867856,2026,2,regular,2026-09-12 23:00:00+00:00,False,False,2197,Eastern Illinois,35.0,282,Indiana State,42.0,fcs,fcs
401908766,2026,2,regular,2026-09-12 23:00:00+00:00,False,False,2741,Wisconsin Lutheran,25.0,2891,Ripon,24.0,iii,iii
401907205,2026,2,regular,2026-09-12 23:00:00+00:00,False,False,2876,Lincoln (MO),14.0,2324,Langston,19.0,ii,
401908434,2026,2,regular,2026-09-12 23:00:00+00:00,False,False,386,Trinity (TX),31.0,241,McMurry,17.0,iii,iii
401908251,2026,2,regular,2026-09-12 23:00:00+00:00,False,False,2564,Simpson (IA),52.0,509,Crown,0.0,iii,iii
401906878,2026,2,regular,2026-09-12 23:00:00+00:00,False,False,308,Ashland,10.0,125,Grand Valley State,20.0,ii,ii
401908142,2026,2,regular,2026-09-12 23:00:00+00:00,False,False,583,Northwestern (MN),27.0,2964,Central College,51.0,iii,iii
401908567,2026,2,regular,2026-09-12 23:00:00+00:00,False,False,2286,Illinois College,14.0,101161,Lyon,21.0,iii,iii
401906571,2026,2,regular,2026-09-12 23:00:00+00:00,False,True,199,Southeastern Oklahoma State,17.0,2888,Ouachita Baptist,23.0,ii,ii
401860882,2026,2,regular,2026-09-12 23:00:00+00:00,False,False,36,Colorado State,58.0,253,Southern Utah,24.0,fbs,fcs
401868246,2026,2,regular,2026-09-12 23:00:00+00:00,False,True,2447,Nicholls,31.0,292,UT Rio Grande Valley,28.0,fcs,fcs
401906840,2026,2,regular,2026-09-12 23:00:00+00:00,False,False,2316,Kentucky Wesleyan,14.0,2911,William Jewell,35.0,ii,ii
401858447,2026,2,regular,2026-09-12 23:15:00+00:00,False,False,275,Wisconsin,36.0,2710,Western Illinois,9.0,fbs,fcs
401858443,2026,2,regular,2026-09-12 23:15:00+00:00,False,False,26,UCLA,28.0,21,San Diego State,10.0,fbs,fbs
401862703,2026,2,regular,2026-09-12 23:30:00+00:00,False,True,2226,Florida Atlantic,38.0,2426,Navy,30.0,fbs,fbs
401856788,2026,2,regular,2026-09-12 23:30:00+00:00,False,False,2294,Iowa,16.0,66,Iowa State,13.0,fbs,fbs
401856783,2026,2,regular,2026-09-12 23:30:00+00:00,False,False,204,Oregon State,24.0,2641,Texas Tech,35.0,fbs,fbs
401858219,2026,2,regular,2026-09-12 23:30:00+00:00,False,False,228,Clemson,22.0,290,Georgia Southern,7.0,fbs,fbs
401856682,2026,2,regular,2026-09-12 23:30:00+00:00,False,False,251,Texas,24.0,194,Ohio State,23.0,fbs,fbs
401868008,2026,2,regular,2026-09-12 23:30:00+00:00,False,False,324,Coastal Carolina,45.0,2230,Fordham,7.0,fbs,fcs
401867796,2026,2,regular,2026-09-12 23:30:00+00:00,False,False,99,LSU,45.0,2348,Louisiana Tech,14.0,fbs,fbs
401856676,2026,2,regular,2026-09-12 23:45:00+00:00,False,False,145,Ole Miss,41.0,2429,Charlotte,9.0,fbs,fbs
401856671,2026,2,regular,2026-09-12 23:45:00+00:00,False,False,2,Auburn,43.0,2572,Southern Miss,8.0,fbs,fbs
401907152,2026,2,regular,2026-09-13 00:00:00+00:00,False,True,2237,Fort Lewis,31.0,2424,New Mexico Highlands,28.0,ii,ii
401908468,2026,2,regular,2026-09-13 00:00:00+00:00,False,False,2850,Whittier,56.0,134180,Cetys University,20.0,iii,
401907122,2026,2,regular,2026-09-13 00:00:00+00:00,False,True,2714,Western Colorado,30.0,2123,Chadron State,9.0,ii,ii
401868050,2026,2,regular,2026-09-13 00:00:00+00:00,False,False,2000,Abilene Christian,7.0,2617,Stephen F. Austin,26.0,fcs,fcs
401908817,2026,2,regular,2026-09-13 00:00:00+00:00,False,True,2152,Concordia (MN),51.0,133,St. Olaf,0.0,iii,iii
401856789,2026,2,regular,2026-09-13 00:00:00+00:00,False,False,2628,TCU,63.0,2755,Grambling,7.0,fbs,fcs
401906606,2026,2,regular,2026-09-13 00:00:00+00:00,False,False,2118,Central Missouri,59.0,2170,Delta State,10.0,ii,ii
401856784,2026,2,regular,2026-09-13 00:08:00+00:00,False,False,239,Baylor,44.0,2504,Prairie View A&M,3.0,fbs,fcs
401864505,2026,2,regular,2026-09-13 01:00:00+00:00,False,False,2638,UTEP,51.0,2640,Texas Southern,10.0,fbs,fcs
401907009,2026,2,regular,2026-09-13 01:00:00+00:00,False,False,2120,Central Washington,14.0,2222,Ferris State,28.0,ii,ii
401864504,2026,2,regular,2026-09-13 01:00:00+00:00,False,False,23,San José State,30.0,13,Cal Poly,20.0,fbs,fcs
401864502,2026,2,regular,2026-09-13 02:00:00+00:00,False,True,2005,Air Force,32.0,2449,North Dakota State,38.0,fbs,fbs
401867876,2026,2,regular,2026-09-13 02:00:00+00:00,False,False,2502,Portland State,23.0,155,North Dakota,47.0,fcs,fcs
401908422,2026,2,regular,2026-09-13 02:00:00+00:00,False,True,205,Pacific (OR),3.0,2930,Willamette,6.0,iii,iii
401856670,2026,2,regular,2026-09-13 02:15:00+00:00,False,False,254,Utah,43.0,8,Arkansas,10.0,fbs,fbs
401860883,2026,2,regular,2026-09-13 02:30:00+00:00,False,False,278,Fresno State,49.0,16,Sacramento State,3.0,fbs,fbs
401864500,2026,2,regular,2026-09-13 02:30:00+00:00,False,False,2440,Nevada,7.0,147,Montana State,20.0,fbs,fcs
401858445,2026,2,regular,2026-09-13 03:00:00+00:00,False,False,30,USC,49.0,309,Louisiana,30.0,fbs,fbs
401864578,2026,2,regular,2026-09-13 03:59:00+00:00,False,False,62,Hawai'i,29.0,166,New Mexico State,19.0,fbs,fbs
401907580,2026,3,regular,2026-09-17 23:00:00+00:00,False,True,2148,Concord,38.0,2128,Charleston (WV),41.0,ii,ii
401858225,2026,3,regular,2026-09-17 23:30:00+00:00,False,True,221,Pittsburgh,27.0,183,Syracuse,13.0,fbs,fbs
401908593,2026,3,regular,2026-09-18 23:00:00+00:00,False,True,379,UMass Dartmouth,21.0,2967,Framingham State,23.0,iii,iii
401858226,2026,3,regular,2026-09-18 23:30:00+00:00,False,True,154,Wake Forest,20.0,2390,Miami,33.0,fbs,fbs
401856811,2026,3,regular,2026-09-19 00:00:00+00:00,False,True,2641,Texas Tech,28.0,248,Houston,26.0,fbs,fbs
401858455,2026,3,regular,2026-09-19 02:30:00+00:00,False,False,2483,Oregon,84.0,2502,Portland State,0.0,fbs,fcs
401906841,2026,3,regular,2026-09-19 15:00:00+00:00,False,True,2316,Kentucky Wesleyan,0.0,2224,Findlay,64.0,ii,ii
401869940,2026,3,regular,2026-09-19 15:30:00+00:00,False,False,48,Delaware,22.0,324,Coastal Carolina,14.0,fbs,fbs
401908366,2026,3,regular,2026-09-19 16:00:00+00:00,False,False,2422,Muhlenberg,41.0,398,Wilkes,27.0,iii,iii
401908296,2026,3,regular,2026-09-19 16:00:00+00:00,False,True,2969,Misericordia,28.0,471,Stevenson,24.0,iii,iii
401907864,2026,3,regular,2026-09-19 16:00:00+00:00,False,False,365,Alfred,31.0,2779,St. Lawrence,7.0,iii,iii
401907881,2026,3,regular,2026-09-19 16:00:00+00:00,False,True,2782,SUNY Cortland,55.0,173,Hartwick,3.0,iii,iii
401856798,2026,3,regular,2026-09-19 16:00:00+00:00,False,False,66,Iowa State,55.0,189,Bowling Green,7.0,fbs,fbs
401858454,2026,3,regular,2026-09-19 16:00:00+00:00,False,False,194,Ohio State,59.0,2309,Kent State,3.0,fbs,fbs
401858228,2026,3,regular,2026-09-19 16:00:00+00:00,False,False,59,Georgia Tech,44.0,2382,Mercer,11.0,fbs,fcs
401858229,2026,3,regular,2026-09-19 16:00:00+00:00,False,True,228,Clemson,28.0,153,North Carolina,20.0,fbs,fbs
401908010,2026,3,regular,2026-09-19 16:00:00+00:00,False,False,81,Springfield,14.0,272,Wisconsin Platteville,37.0,iii,iii
401860889,2026,3,regular,2026-09-19 16:00:00+00:00,False,False,326,Texas State,49.0,249,North Texas,35.0,fbs,fbs
401856686,2026,3,regular,2026-09-19 16:00:00+00:00,False,True,8,Arkansas,17.0,61,Georgia,45.0,fbs,fbs
401907486,2026,3,regular,2026-09-19 16:00:00+00:00,False,True,2038,Assumption,34.0,2487,Pace,27.0,ii,ii
401907653,2026,3,regular,2026-09-19 16:00:00+00:00,False,True,210,Millersville,10.0,215,Slippery Rock,70.0,ii,ii
401907657,2026,3,regular,2026-09-19 16:00:00+00:00,False,False,2757,Berry,16.0,2102,Carnegie Mellon,10.0,iii,iii
401907737,2026,3,regular,2026-09-19 16:00:00+00:00,False,False,2963,Case Western Reserve,48.0,2828,Shenandoah,41.0,iii,iii
401906677,2026,3,regular,2026-09-19 16:00:00+00:00,False,True,2886,Northwood,10.0,2273,Hillsdale,7.0,ii,ii
401908085,2026,3,regular,2026-09-19 16:00:00+00:00,False,False,3110,SUNY Morrisville,17.0,237,Union,38.0,iii,iii
401908578,2026,3,regular,2026-09-19 16:00:00+00:00,False,False,2749,WPI,13.0,2280,Husson,7.0,iii,iii
401858451,2026,3,regular,2026-09-19 16:00:00+00:00,False,False,135,Minnesota,41.0,2006,Akron,7.0,fbs,fbs
401868242,2026,3,regular,2026-09-19 16:00:00+00:00,False,False,2193,East Tennessee State,35.0,2698,West Georgia,27.0,fcs,fcs
401909141,2026,3,regular,2026-09-19 16:00:00+00:00,False,True,391,Oberlin,7.0,89,Wabash,34.0,iii,iii
401908164,2026,3,regular,2026-09-19 16:00:00+00:00,False,True,2808,Delaware Valley,24.0,2015,Albright,21.0,iii,iii
401858456,2026,3,regular,2026-09-19 16:00:00+00:00,False,False,213,Penn State,55.0,2084,Buffalo,13.0,fbs,fbs
401908103,2026,3,regular,2026-09-19 16:00:00+00:00,False,False,2516,Randolph Macon,42.0,2373,Maryville (TN),14.0,iii,iii
401867805,2026,3,regular,2026-09-19 16:00:00+00:00,False,False,2441,New Haven,10.0,225,Brown,17.0,fcs,fcs
401908143,2026,3,regular,2026-09-19 16:00:00+00:00,False,False,2056,Belhaven,17.0,2964,Central College,31.0,iii,iii
401867834,2026,3,regular,2026-09-19 16:00:00+00:00,False,False,2329,Lehigh,24.0,159,Dartmouth,20.0,fcs,fcs
401867908,2026,3,regular,2026-09-19 16:00:00+00:00,False,False,2341,Long Island University,16.0,222,Villanova,20.0,fcs,fcs
401907495,2026,3,regular,2026-09-19 16:00:00+00:00,False,True,367,Gannon,27.0,2071,Bloomsburg,33.0,ii,ii
401867817,2026,3,regular,2026-09-19 16:00:00+00:00,False,False,171,Columbia,40.0,322,Lafayette,34.0,fcs,fcs
401907546,2026,3,regular,2026-09-19 16:00:00+00:00,False,True,2205,Edinboro,24.0,223,West Chester,44.0,ii,ii
401907518,2026,3,regular,2026-09-19 16:00:00+00:00,False,True,2974,Shepherd,28.0,2858,California (PA),7.0,ii,ii
401908532,2026,3,regular,2026-09-19 16:00:00+00:00,False,False,111675,New England,41.0,297,Hampden Sydney,43.0,iii,iii
401856792,2026,3,regular,2026-09-19 16:00:00+00:00,False,False,2306,Kansas State,31.0,2655,Tulane,20.0,fbs,fbs
401856812,2026,3,regular,2026-09-19 16:00:00+00:00,True,True,2305,Kansas,17.0,9,Arizona State,24.0,fbs,fbs
401908196,2026,3,regular,2026-09-19 16:00:00+00:00,False,True,2221,FDU Florham,15.0,2725,Widener,17.0,iii,iii
401908493,2026,3,regular,2026-09-19 16:00:00+00:00,False,False,188,Baldwin Wallace,42.0,2800,Alma,17.0,iii,iii
401908243,2026,3,regular,2026-09-19 16:00:00+00:00,False,False,583,Northwestern (MN),13.0,263,Loras,49.0,iii,iii
401908564,2026,3,regular,2026-09-19 16:00:00+00:00,False,False,293,Vermont State Castleton,40.0,274,Maine Maritime,0.0,iii,iii
401908559,2026,3,regular,2026-09-19 16:00:00+00:00,False,False,131108,New England College,23.0,114,Fitchburg State,22.0,,iii
401908580,2026,3,regular,2026-09-19 16:00:00+00:00,False,True,2972,Plymouth State,7.0,18,Bridgewater State,35.0,iii,iii
401908519,2026,3,regular,2026-09-19 16:00:00+00:00,False,False,402,Worcester State,40.0,2702,Western New England,42.0,iii,iii
401907347,2026,3,regular,2026-09-19 16:05:00+00:00,False,True,2687,Washburn,14.0,2122,Central Oklahoma,10.0,ii,ii
401858460,2026,3,regular,2026-09-19 16:30:00+00:00,False,False,275,Wisconsin,54.0,2199,Eastern Michigan,10.0,fbs,fbs
401908218,2026,3,regular,2026-09-19 16:30:00+00:00,False,False,2074,Bluffton,7.0,2651,Trine,59.0,iii,iii
401856695,2026,3,regular,2026-09-19 16:45:00+00:00,False,False,238,Vanderbilt,35.0,152,NC State,31.0,fbs,fbs
401908824,2026,3,regular,2026-09-19 17:00:00+00:00,False,True,7,Amherst,24.0,121,Bates,14.0,iii,iii
401908477,2026,3,regular,2026-09-19 17:00:00+00:00,False,False,40,Curry,48.0,2951,SUNY Maritime,51.0,iii,iii
401908348,2026,3,regular,2026-09-19 17:00:00+00:00,False,False,2248,Gettysburg,34.0,2843,Western Connecticut State,28.0,iii,iii
401908093,2026,3,regular,2026-09-19 17:00:00+00:00,False,False,390,Utica,36.0,174,Hobart,29.0,iii,iii
401908173,2026,3,regular,2026-09-19 17:00:00+00:00,False,True,111674,Alvernia,28.0,247,King's,21.0,iii,iii
401908113,2026,3,regular,2026-09-19 17:00:00+00:00,False,False,2121,Centre,14.0,548,LaGrange,16.0,iii,iii
401906612,2026,3,regular,2026-09-19 17:00:00+00:00,False,False,2896,Southern Virginia,38.0,122774,Keystone,14.0,iii,iii
401906937,2026,3,regular,2026-09-19 17:00:00+00:00,False,True,2232,Fort Valley State,33.0,490,Benedict,34.0,ii,ii
401906195,2026,3,regular,2026-09-19 17:00:00+00:00,False,False,2882,UNC Pembroke,44.0,2673,Valdosta State,41.0,ii,ii
401906154,2026,3,regular,2026-09-19 17:00:00+00:00,False,True,2304,Johnson C. Smith,20.0,2220,Fayetteville State,14.0,ii,ii
401908340,2026,3,regular,2026-09-19 17:00:00+00:00,False,False,2108,Catholic,17.0,2234,Franklin & Marshall,31.0,iii,iii
401906650,2026,3,regular,2026-09-19 17:00:00+00:00,False,True,308,Ashland,24.0,2477,Ohio Dominican,3.0,ii,ii
401906881,2026,3,regular,2026-09-19 17:00:00+00:00,False,False,131,Wayne State (MI),13.0,2740,Wisconsin La Crosse,47.0,ii,iii
401867686,2026,3,regular,2026-09-19 17:00:00+00:00,False,False,2086,Butler,47.0,2130,Chicago State,20.0,fcs,fcs
401908332,2026,3,regular,2026-09-19 17:00:00+00:00,False,False,2175,Dickinson,40.0,2354,Lycoming,21.0,iii,iii
401908539,2026,3,regular,2026-09-19 17:00:00+00:00,False,False,2884,Nichols,42.0,2557,Coast Guard,49.0,iii,iii
401908866,2026,3,regular,2026-09-19 17:00:00+00:00,False,True,2731,Williams,17.0,340,Bowdoin,7.0,iii,iii
401908897,2026,3,regular,2026-09-19 17:00:00+00:00,False,True,2977,Trinity (CT),34.0,33,Colby,14.0,iii,iii
401908908,2026,3,regular,2026-09-19 17:00:00+00:00,False,True,112,Tufts,42.0,348,Hamilton,28.0,iii,iii
401908914,2026,3,regular,2026-09-19 17:00:00+00:00,False,True,2394,Middlebury,13.0,336,Wesleyan (CT),35.0,iii,iii
401907605,2026,3,regular,2026-09-19 17:00:00+00:00,False,True,2699,West Liberty,30.0,341,Frostburg State,24.0,ii,ii
401908070,2026,3,regular,2026-09-19 17:00:00+00:00,False,True,175,Ithaca,76.0,125974,Hilbert,6.0,iii,iii
401907873,2026,3,regular,2026-09-19 17:00:00+00:00,False,False,2781,Brockport,45.0,2528,Rensselaer,10.0,iii,iii
401907760,2026,3,regular,2026-09-19 17:00:00+00:00,False,False,2399,Minnesota Morris,30.0,63,Buena Vista,28.0,iii,iii
401906134,2026,3,regular,2026-09-19 17:00:00+00:00,False,True,2551,Shaw,49.0,2339,Lincoln (PA),27.0,ii,ii
401907854,2026,3,regular,2026-09-19 17:00:00+00:00,False,False,2085,Buffalo State,7.0,3162,Alfred State,41.0,iii,iii
401907564,2026,3,regular,2026-09-19 17:00:00+00:00,False,True,2559,Shippensburg,26.0,2291,IU Pennsylvania,28.0,ii,ii
401866638,2026,3,regular,2026-09-19 17:00:00+00:00,False,False,2803,Bryant,21.0,163,Princeton,14.0,fcs,fcs
401867857,2026,3,regular,2026-09-19 17:00:00+00:00,False,False,282,Indiana State,39.0,2674,Valparaiso,16.0,fcs,fcs
401868397,2026,3,regular,2026-09-19 17:00:00+00:00,False,False,2166,Davidson,27.0,2678,VMI,24.0,fcs,fcs
401867826,2026,3,regular,2026-09-19 17:00:00+00:00,False,False,2142,Colgate,20.0,172,Cornell,7.0,fcs,fcs
401909132,2026,3,regular,2026-09-19 17:00:00+00:00,False,True,83,DePauw,56.0,2980,Ohio Wesleyan,21.0,iii,iii
401908269,2026,3,regular,2026-09-19 17:00:00+00:00,False,False,2419,Mount St Joseph,35.0,2003,Adrian,24.0,iii,iii
401908980,2026,3,regular,2026-09-19 17:00:00+00:00,False,False,2532,Salisbury,43.0,2688,Washington and Lee,13.0,iii,iii
401907596,2026,3,regular,2026-09-19 17:00:00+00:00,False,True,112335,Wheeling,28.0,2986,Fairmont State,24.0,ii,ii
401907636,2026,3,regular,2026-09-19 17:00:00+00:00,False,True,3066,Concordia St. Paul,34.0,132,Bemidji State,31.0,ii,ii
401873620,2026,3,regular,2026-09-19 17:00:00+00:00,False,False,2385,Mercyhurst,49.0,2249,Glenville State,20.0,fcs,ii
401907511,2026,3,regular,2026-09-19 17:00:00+00:00,False,True,2830,Saint Anselm,28.0,112334,Franklin Pierce,56.0,ii,ii
401908191,2026,3,regular,2026-09-19 17:00:00+00:00,False,True,127954,Eastern,32.0,388,Lebanon Valley,0.0,iii,iii
401908274,2026,3,regular,2026-09-19 17:00:00+00:00,False,False,86,Rose Hulman,38.0,2790,Albion,24.0,iii,iii
401908355,2026,3,regular,2026-09-19 17:00:00+00:00,False,False,118,Johns Hopkins,23.0,216,Susquehanna,49.0,iii,iii
401908320,2026,3,regular,2026-09-19 17:00:00+00:00,False,False,2371,Mary Hardin Baylor,27.0,452,Endicott,28.0,iii,iii
401866639,2026,3,regular,2026-09-19 17:00:00+00:00,False,False,160,New Hampshire,7.0,108,Harvard,31.0,fcs,fcs
401908259,2026,3,regular,2026-09-19 17:00:00+00:00,False,False,2362,Manchester,33.0,354,Olivet,56.0,iii,iii
401906127,2026,3,regular,2026-09-19 17:00:00+00:00,False,True,2207,Elizabeth City State,14.0,330,Virginia State,28.0,ii,ii
401864508,2026,3,regular,2026-09-19 17:00:00+00:00,False,False,2117,Central Michigan,24.0,2751,Wyoming,10.0,fbs,fbs
401906944,2026,3,regular,2026-09-19 17:00:00+00:00,False,True,128,Northern Michigan,7.0,110254,Davenport,42.0,ii,ii
401907619,2026,3,regular,2026-09-19 17:00:00+00:00,False,True,2707,West Virginia State,23.0,455,West Virginia Wesleyan,28.0,ii,ii
401907528,2026,3,regular,2026-09-19 17:00:00+00:00,False,True,132714,Lackawanna,13.0,2134,Clarion,59.0,,ii
401908232,2026,3,regular,2026-09-19 17:00:00+00:00,False,False,2262,Hanover,10.0,2812,Hope,27.0,iii,iii
401908671,2026,3,regular,2026-09-19 17:30:00+00:00,False,True,426,Mount Union,34.0,191,Heidelberg,37.0,iii,iii
401908664,2026,3,regular,2026-09-19 17:30:00+00:00,False,True,317,Marietta,32.0,424,Capital,10.0,iii,iii
401908841,2026,3,regular,2026-09-19 17:30:00+00:00,False,True,427,Ohio Northern,41.0,332,Muskingum,13.0,iii,iii
401908225,2026,3,regular,2026-09-19 17:30:00+00:00,False,False,2233,Franklin,7.0,129738,Calvin,41.0,iii,iii
401908748,2026,3,regular,2026-09-19 18:00:00+00:00,False,True,124,Augsburg,30.0,375,St. Scholastica,0.0,iii,iii
401908543,2026,3,regular,2026-09-19 18:00:00+00:00,False,True,2639,Texas Lutheran,57.0,2045,Austin,26.0,iii,iii
401908873,2026,3,regular,2026-09-19 18:00:00+00:00,False,True,2600,Saint John's (MN),77.0,162,Hamline,0.0,iii,iii
401908300,2026,3,regular,2026-09-19 18:00:00+00:00,False,False,241,McMurry,42.0,2938,Huntingdon,16.0,iii,iii
401908725,2026,3,regular,2026-09-19 18:00:00+00:00,False,True,2155,Cornell (IA),7.0,2919,Monmouth (IL),42.0,iii,iii
401908732,2026,3,regular,2026-09-19 18:00:00+00:00,False,True,266,Beloit,0.0,67,Luther,28.0,iii,iii
401907979,2026,3,regular,2026-09-19 18:00:00+00:00,False,False,2743,Wisconsin Stevens Point,48.0,205,Pacific (OR),13.0,iii,iii
401858448,2026,3,regular,2026-09-19 18:00:00+00:00,False,False,356,Illinois,48.0,79,Southern Illinois,10.0,fbs,fcs
401909122,2026,3,regular,2026-09-19 18:00:00+00:00,False,True,2741,Wisconsin Lutheran,31.0,6353,Lakeland,32.0,iii,iii
401907395,2026,3,regular,2026-09-19 18:00:00+00:00,False,True,2839,Tusculum,7.0,129469,Anderson (SC),14.0,ii,ii
401908963,2026,3,regular,2026-09-19 18:00:00+00:00,False,False,2776,Salve Regina,41.0,2970,William Paterson,6.0,iii,iii
401909127,2026,3,regular,2026-09-19 18:00:00+00:00,False,True,2748,Wooster,0.0,2171,Denison,38.0,iii,iii
401908587,2026,3,regular,2026-09-19 18:00:00+00:00,False,True,2909,Westfield State,26.0,110438,Dean,8.0,iii,iii
401907667,2026,3,regular,2026-09-19 18:00:00+00:00,False,False,80,Chicago,49.0,6845,Nebraska Wesleyan,41.0,iii,iii
401906931,2026,3,regular,2026-09-19 18:00:00+00:00,False,False,127991,Roosevelt,31.0,2744,Wisconsin Stout,10.0,ii,iii
401908078,2026,3,regular,2026-09-19 18:00:00+00:00,False,False,2553,Sewanee,24.0,286,North Carolina Wesleyan,17.0,iii,iii
401907997,2026,3,regular,2026-09-19 18:00:00+00:00,False,False,2685,Wartburg,14.0,2723,Wisconsin River Falls,31.0,iii,iii
401907467,2026,3,regular,2026-09-19 18:00:00+00:00,False,True,2746,Wittenberg,24.0,143,Washington St. Louis,31.0,iii,iii
401868023,2026,3,regular,2026-09-19 18:00:00+00:00,False,False,107,Holy Cross,28.0,43,Yale,38.0,fcs,fcs
401906996,2026,3,regular,2026-09-19 18:00:00+00:00,False,False,2392,Michigan Tech,33.0,389,Upper Iowa,32.0,ii,ii
401909027,2026,3,regular,2026-09-19 18:00:00+00:00,False,True,2062,Bethany (WV),52.0,2644,Thiel,3.0,iii,iii
401908760,2026,3,regular,2026-09-19 18:00:00+00:00,False,True,268,Lawrence,7.0,2286,Illinois College,54.0,iii,iii
401907699,2026,3,regular,2026-09-19 18:00:00+00:00,False,True,2364,Minnesota State,35.0,425,Northern State,17.0,ii,ii
401907791,2026,3,regular,2026-09-19 18:00:00+00:00,False,True,72,Elmhurst,0.0,32,Carroll (WI),33.0,iii,iii
401907819,2026,3,regular,2026-09-19 18:00:00+00:00,False,False,2738,Wisconsin Eau Claire,40.0,2106,Carthage,0.0,iii,iii
401907140,2026,3,regular,2026-09-19 18:00:00+00:00,False,True,2146,Colorado School of Mines,34.0,2237,Fort Lewis,3.0,ii,ii
401907102,2026,3,regular,2026-09-19 18:00:00+00:00,False,True,2001,Adams State,15.0,613,South Dakota Mines,45.0,ii,ii
401906904,2026,3,regular,2026-09-19 18:00:00+00:00,False,False,2310,Kentucky State,21.0,129,Saginaw Valley State,17.0,ii,ii
401907112,2026,3,regular,2026-09-19 18:00:00+00:00,False,True,2424,New Mexico Highlands,44.0,2069,Black Hills State,36.0,ii,ii
401907781,2026,3,regular,2026-09-19 18:00:00+00:00,False,True,2042,Augustana (IL),10.0,306,Illinois Wesleyan,17.0,iii,iii
401907679,2026,3,regular,2026-09-19 18:00:00+00:00,False,True,2043,Augustana (SD),45.0,2817,Minnesota St Moorhead,21.0,ii,ii
401907845,2026,3,regular,2026-09-19 18:00:00+00:00,False,True,75,North Park,10.0,3071,North Central College,45.0,iii,iii
401907206,2026,3,regular,2026-09-19 18:00:00+00:00,False,True,2825,Quincy,34.0,2876,Lincoln (MO),27.0,ii,ii
401907747,2026,3,regular,2026-09-19 18:00:00+00:00,False,False,374,St. John Fisher,14.0,184,Rochester (NY),13.0,iii,iii
401908361,2026,3,regular,2026-09-19 18:00:00+00:00,False,False,246,Juniata,28.0,2700,McDaniel,7.0,iii,iii
401908847,2026,3,regular,2026-09-19 18:00:00+00:00,False,True,409,Concordia (WI),29.0,2044,Aurora,28.0,iii,iii
401858227,2026,3,regular,2026-09-19 18:00:00+00:00,False,False,103,Boston College,22.0,311,Maine,16.0,fbs,fcs
401908020,2026,3,regular,2026-09-19 18:00:00+00:00,False,False,2141,Coe,7.0,271,Wisconsin Oshkosh,28.0,iii,iii
401868159,2026,3,regular,2026-09-19 18:00:00+00:00,False,False,2900,St. Thomas (MN),28.0,253,Southern Utah,26.0,fcs,fcs
401908773,2026,3,regular,2026-09-19 18:00:00+00:00,False,True,262,Lake Forest,63.0,65,Grinnell,0.0,iii,iii
401873395,2026,3,regular,2026-09-19 18:00:00+00:00,False,True,2151,Concordia Chicago,46.0,2524,Rockford,20.0,iii,iii
401908388,2026,3,regular,2026-09-19 18:00:00+00:00,False,False,2398,Millsaps,27.0,418,Hendrix,36.0,iii,iii
401868275,2026,3,regular,2026-09-19 18:30:00+00:00,False,False,2717,Western Carolina,58.0,2506,Presbyterian,14.0,fcs,fcs
401866634,2026,3,regular,2026-09-19 18:30:00+00:00,False,True,2619,Stony Brook,56.0,227,Rhode Island,24.0,fcs,fcs
401907221,2026,3,regular,2026-09-19 18:30:00+00:00,False,True,2654,Truman State,42.0,2402,Missouri S&T,14.0,ii,ii
401907371,2026,3,regular,2026-09-19 18:30:00+00:00,False,True,138,Northwest Missouri State,65.0,2403,Missouri Southern State,3.0,ii,ii
401908394,2026,3,regular,2026-09-19 19:00:00+00:00,False,False,17,Claremont Mudd Scripps,25.0,415,George Fox,42.0,iii,iii
401867898,2026,3,regular,2026-09-19 19:00:00+00:00,False,False,147,Montana State,35.0,2115,Central Connecticut,30.0,fcs,fcs
401862774,2026,3,regular,2026-09-19 19:00:00+00:00,False,False,2649,Toledo,49.0,218,Temple,48.0,fbs,fbs
401906187,2026,3,regular,2026-09-19 19:00:00+00:00,False,False,101784,Erskine,14.0,2913,Brevard,27.0,ii,iii
401908455,2026,3,regular,2026-09-19 19:00:00+00:00,False,False,2930,Willamette,16.0,2318,La Verne,45.0,iii,iii
401907686,2026,3,regular,2026-09-19 19:00:00+00:00,False,True,568,Minot State,59.0,2587,Southwest Minnesota State,0.0,ii,ii
401907705,2026,3,regular,2026-09-19 19:00:00+00:00,False,True,559,University of Mary,34.0,2894,Sioux Falls,40.0,ii,ii
401908985,2026,3,regular,2026-09-19 19:00:00+00:00,False,False,2047,Averett,55.0,417,Gallaudet,19.0,iii,iii
401909119,2026,3,regular,2026-09-19 19:00:00+00:00,False,True,101,Eureka,0.0,2832,St. Norbert,31.0,iii,iii
401907505,2026,3,regular,2026-09-19 19:00:00+00:00,False,True,2060,Bentley,49.0,126086,Post,7.0,ii,ii
401867991,2026,3,regular,2026-09-19 19:00:00+00:00,False,False,2083,Bucknell,7.0,219,Pennsylvania,20.0,fcs,fcs
401867846,2026,3,regular,2026-09-19 19:00:00+00:00,False,False,2287,Illinois State,49.0,2197,Eastern Illinois,13.0,fcs,fcs
401907123,2026,3,regular,2026-09-19 19:00:00+00:00,False,True,2123,Chadron State,6.0,2570,CSU Pueblo,33.0,ii,ii
401858450,2026,3,regular,2026-09-19 19:30:00+00:00,False,False,130,Michigan,52.0,2638,UTEP,17.0,fbs,fbs
401856797,2026,3,regular,2026-09-19 19:30:00+00:00,False,False,2132,Cincinnati,35.0,193,Miami (OH),31.0,fbs,fbs
401866635,2026,3,regular,2026-09-19 19:30:00+00:00,False,True,399,UAlbany,20.0,2405,Monmouth,28.0,fcs,fcs
401856801,2026,3,regular,2026-09-19 19:30:00+00:00,False,False,254,Utah,33.0,328,Utah State,0.0,fbs,fbs
401856685,2026,3,regular,2026-09-19 19:30:00+00:00,False,False,333,Alabama,50.0,52,Florida State,36.0,fbs,fbs
401856694,2026,3,regular,2026-09-19 19:30:00+00:00,False,True,245,Texas A&M,21.0,96,Kentucky,31.0,fbs,fbs
401868018,2026,3,regular,2026-09-19 19:30:00+00:00,False,True,257,Richmond,24.0,46,Georgetown,21.0,fcs,fcs
401858457,2026,3,regular,2026-09-19 19:30:00+00:00,False,True,164,Rutgers,35.0,30,USC,42.0,fbs,fbs
401858233,2026,3,regular,2026-09-19 19:30:00+00:00,False,False,25,California,49.0,2681,Wagner,7.0,fbs,fcs
401858230,2026,3,regular,2026-09-19 19:30:00+00:00,False,True,97,Louisville,41.0,2567,SMU,31.0,fbs,fbs
401866424,2026,3,regular,2026-09-19 19:30:00+00:00,False,False,113,Massachusetts,36.0,284,Stonehill,14.0,fbs,fcs
401860890,2026,3,regular,2026-09-19 19:30:00+00:00,False,False,265,Washington State,48.0,2184,Duquesne,7.0,fbs,fcs
401858449,2026,3,regular,2026-09-19 20:00:00+00:00,False,False,84,Indiana,38.0,98,Western Kentucky,0.0,fbs,fbs
401908406,2026,3,regular,2026-09-19 20:00:00+00:00,False,False,2333,Lewis & Clark,49.0,2923,Pomona Pitzer,28.0,iii,iii
401858471,2026,3,regular,2026-09-19 20:00:00+00:00,False,False,2294,Iowa,55.0,2460,Northern Iowa,0.0,fbs,fcs
401873230,2026,3,regular,2026-09-19 20:00:00+00:00,False,False,2094,Cal Lutheran,41.0,2508,Puget Sound,7.0,iii,iii
401858231,2026,3,regular,2026-09-19 20:00:00+00:00,False,True,150,Duke,35.0,24,Stanford,7.0,fbs,fbs
401868051,2026,3,regular,2026-09-19 20:00:00+00:00,False,False,70,Idaho,39.0,2000,Abilene Christian,41.0,fcs,fcs
401906633,2026,3,regular,2026-09-19 20:00:00+00:00,False,True,2838,Tiffin,38.0,2646,Thomas More,14.0,ii,ii
401906912,2026,3,regular,2026-09-19 20:00:00+00:00,False,True,2019,Allen,28.0,2013,Albany State,32.0,ii,ii
401866641,2026,3,regular,2026-09-19 20:00:00+00:00,False,False,2450,Norfolk State,42.0,2261,Hampton,21.0,fcs,fcs
401868942,2026,3,regular,2026-09-19 20:00:00+00:00,False,False,2065,Bethune-Cookman,62.0,2355,Virginia Lynchburg,3.0,fcs,
401866422,2026,3,regular,2026-09-19 20:00:00+00:00,False,False,2335,Liberty,51.0,2050,Ball State,15.0,fbs,fbs
401867804,2026,3,regular,2026-09-19 20:00:00+00:00,False,False,239,Baylor,36.0,2348,Louisiana Tech,19.0,fbs,fbs
401856691,2026,3,regular,2026-09-19 20:15:00+00:00,False,True,2579,South Carolina,34.0,344,Mississippi State,41.0,fbs,fbs
401868317,2026,3,regular,2026-09-19 20:30:00+00:00,False,False,2433,UL Monroe,35.0,2545,SE Louisiana,38.0,fbs,fcs
401908501,2026,3,regular,2026-09-19 20:30:00+00:00,False,False,101161,Lyon,32.0,2257,Greenville,33.0,iii,iii
401907645,2026,3,regular,2026-09-19 21:00:00+00:00,False,True,134,Minnesota Duluth,9.0,2851,Winona State,6.0,ii,ii
401907358,2026,3,regular,2026-09-19 21:00:00+00:00,False,True,2214,Emporia State,19.0,2438,Nebraska Kearney,9.0,ii,ii
401907476,2026,3,regular,2026-09-19 21:00:00+00:00,False,True,2583,Southern Connecticut State,30.0,2022,American International,19.0,ii,ii
401867979,2026,3,regular,2026-09-19 22:00:00+00:00,False,False,2241,Gardner-Webb,44.0,2428,North Carolina Central,20.0,fcs,fcs
401906051,2026,3,regular,2026-09-19 22:00:00+00:00,False,True,2676,Virginia Union,42.0,124180,Bluefield State,0.0,ii,ii
401866636,2026,3,regular,2026-09-19 22:00:00+00:00,False,True,2097,Campbell,42.0,2448,North Carolina A&T,14.0,fcs,fcs
401906163,2026,3,regular,2026-09-19 22:00:00+00:00,False,True,2940,Livingstone,21.0,2736,Winston-Salem State,13.0,ii,ii
401862771,2026,3,regular,2026-09-19 22:00:00+00:00,False,False,2226,Florida Atlantic,16.0,2229,Florida International,10.0,fbs,fbs
401907428,2026,3,regular,2026-09-19 22:00:00+00:00,False,True,2331,Lenoir Rhyne,7.0,2369,Mars Hill,15.0,ii,ii
401907457,2026,3,regular,2026-09-19 22:00:00+00:00,False,True,351,Wingate,22.0,2444,Newberry,25.0,ii,ii
401908208,2026,3,regular,2026-09-19 22:00:00+00:00,False,False,2023,Anderson (IN),17.0,126,Kalamazoo,42.0,iii,iii
401868337,2026,3,regular,2026-09-19 22:00:00+00:00,False,True,236,Chattanooga,41.0,2747,Wofford,7.0,fcs,fcs
401868935,2026,3,regular,2026-09-19 22:00:00+00:00,False,False,2029,Arkansas-Pine Bluff,41.0,2119,Central State,35.0,fcs,ii
401868172,2026,3,regular,2026-09-19 22:00:00+00:00,False,False,2127,Charleston Southern,65.0,3179,Point University,0.0,fcs,
401907293,2026,3,regular,2026-09-19 22:00:00+00:00,False,True,2323,Lane College,0.0,60,Morehouse,44.0,ii,ii
401906170,2026,3,regular,2026-09-19 22:00:00+00:00,False,True,2804,Chowan,34.0,122666,Barton,0.0,ii,ii
401907405,2026,3,regular,2026-09-19 22:00:00+00:00,False,True,2107,Catawba,24.0,2213,Emory & Henry,10.0,ii,ii
401868009,2026,3,regular,2026-09-19 22:00:00+00:00,False,True,2729,William & Mary,27.0,2230,Fordham,52.0,fcs,fcs
401866637,2026,3,regular,2026-09-19 22:00:00+00:00,False,True,2210,Elon,24.0,2529,Sacred Heart,21.0,fcs,fcs
401862710,2026,3,regular,2026-09-19 22:00:00+00:00,False,False,295,Old Dominion,17.0,151,East Carolina,20.0,fbs,fbs
401864574,2026,3,regular,2026-09-19 22:00:00+00:00,False,False,2026,App State,26.0,2429,Charlotte,21.0,fbs,fbs
401907252,2026,3,regular,2026-09-19 22:00:00+00:00,False,True,2805,Clark Atlanta,14.0,2396,Miles,27.0,ii,ii
401866640,2026,3,regular,2026-09-19 22:00:00+00:00,False,False,119,Towson,26.0,2415,Morgan State,41.0,fcs,fcs
401907414,2026,3,regular,2026-09-19 22:00:00+00:00,False,True,2842,UVA Wise,7.0,2105,Carson Newman,42.0,ii,ii
401907569,2026,3,regular,2026-09-19 22:00:00+00:00,False,True,209,Lock Haven,20.0,2315,Kutztown,35.0,ii,ii
401908306,2026,3,regular,2026-09-19 22:00:00+00:00,False,False,2256,Greensboro,7.0,495,BLUEFIELD,28.0,iii,
401868142,2026,3,regular,2026-09-19 22:00:00+00:00,False,False,2198,Eastern Kentucky,14.0,2168,Dayton,17.0,fcs,fcs
401908677,2026,3,regular,2026-09-19 22:00:00+00:00,False,True,2302,John Carroll,56.0,352,Kenyon,7.0,iii,iii
401906958,2026,3,regular,2026-09-19 22:30:00+00:00,False,True,2206,Edward Waters,55.0,2542,Savannah State,30.0,ii,ii
401871047,2026,3,regular,2026-09-19 22:30:00+00:00,False,False,2623,Missouri State,24.0,276,Marshall,30.0,fbs,fbs
401868964,2026,3,regular,2026-09-19 23:00:00+00:00,False,False,2400,Mississippi Valley State,6.0,2170,Delta State,21.0,fcs,ii
401868237,2026,3,regular,2026-09-19 23:00:00+00:00,False,False,2627,Tarleton State,45.0,2771,Merrimack,20.0,fcs,fcs
401856689,2026,3,regular,2026-09-19 23:00:00+00:00,False,False,142,Missouri,27.0,2653,Troy,17.0,fbs,fbs
401862777,2026,3,regular,2026-09-19 23:00:00+00:00,False,False,58,South Florida,59.0,2169,Delaware State,17.0,fbs,fcs
401869948,2026,3,regular,2026-09-19 23:00:00+00:00,False,False,55,Jacksonville State,31.0,290,Georgia Southern,27.0,fbs,fbs
401870764,2026,3,regular,2026-09-19 23:00:00+00:00,False,False,2534,Sam Houston,59.0,2447,Nicholls,0.0,fbs,fcs
401861963,2026,3,regular,2026-09-19 23:00:00+00:00,False,False,2572,Southern Miss,20.0,41,UConn,48.0,fbs,fbs
401868959,2026,3,regular,2026-09-19 23:00:00+00:00,False,False,2296,Jackson State,41.0,2657,Tuskegee,7.0,fcs,ii
401868062,2026,3,regular,2026-09-19 23:00:00+00:00,False,True,110242,West Florida,16.0,2046,Austin Peay,38.0,fcs,fcs
401907276,2026,3,regular,2026-09-19 23:00:00+00:00,False,True,2025,Angelo State,19.0,2704,West Texas,27.0,ii,ii
401862773,2026,3,regular,2026-09-19 23:00:00+00:00,False,False,242,Rice,21.0,2711,Western Michigan,28.0,fbs,fbs
401868196,2026,3,regular,2026-09-19 23:00:00+00:00,False,False,50,Florida A&M,26.0,2634,Tennessee State,29.0,fcs,fcs
401868971,2026,3,regular,2026-09-19 23:00:00+00:00,False,False,2582,Southern,50.0,2347,Louisiana Christian,31.0,fcs,
401868298,2026,3,regular,2026-09-19 23:00:00+00:00,False,False,2010,Alabama A&M,45.0,2075,Bowie State,3.0,fcs,ii
401868205,2026,3,regular,2026-09-19 23:00:00+00:00,False,False,2710,Western Illinois,59.0,2413,Morehead State,2.0,fcs,fcs
401907729,2026,3,regular,2026-09-19 23:00:00+00:00,False,True,2844,Wayne State (NE),44.0,2939,Jamestown,7.0,ii,ii
401908277,2026,3,regular,2026-09-19 23:00:00+00:00,False,False,2194,East Texas Baptist,46.0,101442,Centenary (LA),14.0,iii,iii
401868151,2026,3,regular,2026-09-19 23:00:00+00:00,False,False,2453,North Alabama,38.0,2016,Alcorn State,20.0,fcs,fcs
401906528,2026,3,regular,2026-09-19 23:00:00+00:00,False,True,2271,Henderson State,35.0,2028,Arkansas Monticello,24.0,ii,ii
401856687,2026,3,regular,2026-09-19 23:00:00+00:00,False,True,2,Auburn,39.0,57,Florida,44.0,fbs,fbs
401906537,2026,3,regular,2026-09-19 23:00:00+00:00,False,True,200,Southern Nazarene,24.0,2191,East Central,35.0,ii,ii
401866423,2026,3,regular,2026-09-19 23:00:00+00:00,False,False,6,South Alabama,41.0,195,Ohio,36.0,fbs,fbs
401906201,2026,3,regular,2026-09-19 23:00:00+00:00,False,False,2695,West Alabama,14.0,2822,North Greenville,24.0,ii,ii
401908369,2026,3,regular,2026-09-19 23:00:00+00:00,False,False,2667,Ursinus,35.0,323,Moravian,19.0,iii,iii
401908327,2026,3,regular,2026-09-19 23:00:00+00:00,False,False,102549,Schreiner,31.0,2588,Southwestern U,28.0,,iii
401908846,2026,3,regular,2026-09-19 23:00:00+00:00,False,True,2733,Wilmington (OH),14.0,359,Otterbein,35.0,iii,iii
401909020,2026,3,regular,2026-09-19 23:00:00+00:00,False,True,2018,Allegheny,38.0,2845,Waynesburg,20.0,iii,iii
401906622,2026,3,regular,2026-09-19 23:00:00+00:00,False,True,2682,Walsh,28.0,437,Lake Erie,7.0,ii,ii
401856803,2026,3,regular,2026-09-19 23:00:00+00:00,False,False,197,Oklahoma State,59.0,93,Murray State,0.0,fbs,fcs
401869147,2026,3,regular,2026-09-19 23:00:00+00:00,False,True,2916,Incarnate Word,30.0,2277,Houston Christian,23.0,fcs,fcs
401867896,2026,3,regular,2026-09-19 23:00:00+00:00,False,True,2571,South Dakota State,27.0,2754,Youngstown State,20.0,fcs,fcs
401907196,2026,3,regular,2026-09-19 23:00:00+00:00,False,True,2816,McKendree,35.0,2292,Indianapolis,31.0,ii,ii
401906560,2026,3,regular,2026-09-19 23:00:00+00:00,False,True,2823,Northwestern (OK),37.0,319,Oklahoma Baptist,55.0,ii,ii
401907840,2026,3,regular,2026-09-19 23:00:00+00:00,False,True,396,Wheaton (IL),82.0,74,Millikin,10.0,iii,iii
401856800,2026,3,regular,2026-09-19 23:00:00+00:00,False,False,2116,UCF,44.0,2247,Georgia State,30.0,fbs,fbs
401906575,2026,3,regular,2026-09-19 23:00:00+00:00,False,True,2927,Southwestern Oklahoma State,21.0,199,Southeastern Oklahoma State,27.0,ii,ii
401862772,2026,3,regular,2026-09-19 23:00:00+00:00,False,False,235,Memphis,45.0,2630,UT Martin,21.0,fbs,fcs
401907240,2026,3,regular,2026-09-19 23:00:00+00:00,False,True,2586,Southwest Baptist,17.0,2911,William Jewell,27.0,ii,ii
401867984,2026,3,regular,2026-09-19 23:00:00+00:00,False,False,231,Furman,17.0,2569,South Carolina State,20.0,fcs,fcs
401908767,2026,3,regular,2026-09-19 23:00:00+00:00,False,True,2891,Ripon,30.0,255,Knox,7.0,iii,iii
401907004,2026,3,regular,2026-09-19 23:00:00+00:00,False,False,125,Grand Valley State,96.0,122775,Elgin,0.0,ii,
401868133,2026,3,regular,2026-09-19 23:00:00+00:00,False,False,2546,Southeast Missouri State,27.0,2110,Central Arkansas,9.0,fcs,fcs
401864443,2026,3,regular,2026-09-19 23:00:00+00:00,False,False,2393,Middle Tennessee,27.0,2440,Nevada,20.0,fbs,fbs
401907298,2026,3,regular,2026-09-19 23:00:00+00:00,False,True,2395,Midwestern State,84.0,2703,Western New Mexico,17.0,ii,ii
401858452,2026,3,regular,2026-09-19 23:15:00+00:00,False,False,158,Nebraska,34.0,155,North Dakota,7.0,fbs,fcs
401858459,2026,3,regular,2026-09-19 23:15:00+00:00,False,False,264,Washington,48.0,331,Eastern Washington,16.0,fbs,fcs
401858453,2026,3,regular,2026-09-19 23:30:00+00:00,False,False,87,Notre Dame,27.0,127,Michigan State,10.0,fbs,fbs
401856795,2026,3,regular,2026-09-19 23:30:00+00:00,False,False,36,Colorado State,23.0,252,BYU,41.0,fbs,fbs
401856688,2026,3,regular,2026-09-19 23:30:00+00:00,False,True,145,Ole Miss,32.0,99,LSU,24.0,fbs,fbs
401856690,2026,3,regular,2026-09-19 23:30:00+00:00,False,False,201,Oklahoma,14.0,167,New Mexico,6.0,fbs,fbs
401858232,2026,3,regular,2026-09-19 23:30:00+00:00,False,False,120,Maryland,26.0,259,Virginia Tech,35.0,fbs,fbs
401856796,2026,3,regular,2026-09-19 23:30:00+00:00,False,False,77,Northwestern,41.0,38,Colorado,7.0,fbs,fbs
401856802,2026,3,regular,2026-09-19 23:30:00+00:00,True,False,258,Virginia,27.0,277,West Virginia,38.0,fbs,fbs
401856692,2026,3,regular,2026-09-19 23:45:00+00:00,False,False,2633,Tennessee,42.0,338,Kennesaw State,9.0,fbs,fbs
401908430,2026,3,regular,2026-09-20 00:00:00+00:00,False,False,386,Trinity (TX),24.0,2486,Pacific Lutheran,6.0,iii,iii
401868168,2026,3,regular,2026-09-20 00:00:00+00:00,False,False,2692,Weber State,49.0,2466,Northwestern State,20.0,fcs,fcs
401862775,2026,3,regular,2026-09-20 00:00:00+00:00,False,False,202,Tulsa,42.0,2837,East Texas A&M,0.0,fbs,fcs
401856693,2026,3,regular,2026-09-20 00:00:00+00:00,False,False,251,Texas,30.0,2636,UTSA,6.0,fbs,fbs
401907285,2026,3,regular,2026-09-20 00:00:00+00:00,False,True,2658,Texas A&M-Kingsville,56.0,2201,Eastern New Mexico,22.0,ii,ii
401856799,2026,3,regular,2026-09-20 00:00:00+00:00,False,False,2628,TCU,31.0,2032,Arkansas State,7.0,fbs,fbs
401868130,2026,3,regular,2026-09-20 00:00:00+00:00,False,False,2458,Northern Colorado,23.0,196,Northeastern State,17.0,fcs,ii
401868307,2026,3,regular,2026-09-20 00:00:00+00:00,False,False,2504,Prairie View A&M,10.0,2617,Stephen F. Austin,31.0,fcs,fcs
401907364,2026,3,regular,2026-09-20 00:00:00+00:00,False,True,2231,Fort Hays,42.0,90,Pittsburg State,17.0,ii,ii
401862776,2026,3,regular,2026-09-20 00:00:00+00:00,False,False,309,Louisiana,21.0,5,UAB,14.0,fbs,fbs
401907132,2026,3,regular,2026-09-20 00:00:00+00:00,False,True,11,Colorado Mesa,17.0,2714,Western Colorado,31.0,ii,ii
401906517,2026,3,regular,2026-09-20 00:00:00+00:00,False,True,2033,Arkansas Tech,17.0,2888,Ouachita Baptist,34.0,ii,ii
401908797,2026,3,regular,2026-09-20 00:00:00+00:00,False,True,2802,Bethel (MN),49.0,2968,Gustavus Adolphus,7.0,iii,iii
401908808,2026,3,regular,2026-09-20 00:00:00+00:00,False,True,2359,Macalester,45.0,2101,Carleton,48.0,iii,iii
401868124,2026,3,regular,2026-09-20 00:00:00+00:00,False,True,3101,Utah Tech,23.0,2464,Northern Arizona,35.0,fcs,fcs
401868247,2026,3,regular,2026-09-20 00:00:00+00:00,False,True,292,UT Rio Grande Valley,27.0,2377,McNeese,10.0,fcs,fcs
401907316,2026,3,regular,2026-09-20 00:00:00+00:00,False,True,2834,Sul Ross State,7.0,110243,UT Permian Basin,66.0,ii,ii
401906547,2026,3,regular,2026-09-20 00:00:00+00:00,False,True,2264,Harding,52.0,2568,Southern Arkansas,21.0,ii,ii
401868075,2026,3,regular,2026-09-20 00:00:00+00:00,False,False,13,Cal Poly,35.0,301,San Diego,38.0,fcs,fcs
401908471,2026,3,regular,2026-09-20 00:00:00+00:00,False,True,509,Crown,13.0,446,Martin Luther,9.0,iii,iii
401907330,2026,3,regular,2026-09-20 01:00:00+00:00,False,True,2120,Central Washington,45.0,2848,Western Oregon,36.0,ii,ii
401868164,2026,3,regular,2026-09-20 02:00:00+00:00,False,False,302,UC Davis,45.0,56,Stetson,7.0,fcs,fcs
401908469,2026,3,regular,2026-09-20 02:00:00+00:00,False,True,2049,Azusa Pacific,35.0,2850,Whittier,17.0,iii,iii
401860887,2026,3,regular,2026-09-20 02:00:00+00:00,False,False,21,San Diego State,13.0,256,James Madison,26.0,fbs,fbs
401860885,2026,3,regular,2026-09-20 02:00:00+00:00,False,False,68,Boise State,38.0,233,South Dakota,24.0,fbs,fcs
401908417,2026,3,regular,2026-09-20 02:00:00+00:00,False,False,411,Chapman,24.0,203,Linfield,21.0,iii,iii
401908464,2026,3,regular,2026-09-20 02:05:00+00:00,False,False,29,Redlands,14.0,2721,Whitworth,33.0,iii,iii
401856793,2026,3,regular,2026-09-20 02:30:00+00:00,False,False,12,Arizona,42.0,2459,Northern Illinois,17.0,fbs,fbs
401864507,2026,3,regular,2026-09-20 02:30:00+00:00,False,False,16,Sacramento State,10.0,2449,North Dakota State,31.0,fbs,fbs
401860886,2026,3,regular,2026-09-20 03:00:00+00:00,False,False,204,Oregon State,52.0,149,Montana,17.0,fbs,fcs
401860888,2026,3,regular,2026-09-20 03:00:00+00:00,False,False,23,San José State,10.0,278,Fresno State,26.0,fbs,fbs
401858458,2026,3,regular,2026-09-20 03:00:00+00:00,False,True,26,UCLA,52.0,2509,Purdue,38.0,fbs,fbs
401869941,2026,4,regular,2026-09-24 23:30:00+00:00,False,False,324,Coastal Carolina,17.0,2335,Liberty,34.0,fbs,fbs
